date,weekday,target_delta,call_strike,put_strike,call_symbol,put_symbol,entry_call,entry_put,entry_cost,exit_call,exit_put,option_pnl,hedge_count,transaction_costs,daily_pnl,first_third_pnl,mid_third_pnl,last_third_pnl,bars,time_range,qqq_open,qqq_close,qqq_range,hedge_threshold
2025-06-02,Monday,0.25,519,513,QQQ250602C00519000,QQQ250602P00513000,1.6,0.52,212.0,2.28,0.07,23.0,114,0.0,11.26,13.15,0.37,-2.26,148,13:30-16:00,518.24,520.71,5.15,1
2025-06-03,Tuesday,0.25,524,518,QQQ250603C00524000,QQQ250603P00518000,2.0,0.2,220.0,3.17,0.03,100.0,93,0.0,-30.13,-14.13,-9.73,-6.27,138,13:30-16:00,524.57,526.95,3.9,1
2025-06-04,Wednesday,0.25,531,525,QQQ250604C00531000,QQQ250604P00525000,0.52,0.57,109.0,0.2,0.19,-70.0,106,0.0,-12.01,-5.1,-11.94,5.03,150,13:30-16:00,528.37,528.67,3.14,1
2025-06-05,Thursday,0.25,532,526,QQQ250605C00532000,QQQ250605P00526000,1.44,0.67,211.0,1.65,0.09,-37.0,104,0.0,-25.22,-2.59,-6.01,-16.62,151,13:30-16:00,530.67,532.7,5.25,1
2025-06-06,Friday,0.25,530,524,QQQ250606C00530000,QQQ250606P00524000,1.69,0.34,203.0,1.39,0.11,-53.0,107,0.0,-27.4,-28.5,-8.49,9.59,144,13:30-16:00,529.83,530.37,2.44,1
2025-06-09,Monday,0.25,533,527,QQQ250609C00533000,QQQ250609P00527000,0.61,0.65,126.0,0.31,0.14,-81.0,102,0.0,-53.57,-43.44,-4.44,-5.69,151,13:30-16:00,530.38,531.07,3.01,1
2025-06-10,Tuesday,0.25,534,528,QQQ250610C00534000,QQQ250610P00528000,0.61,0.48,109.0,0.33,0.17,-59.0,107,0.0,-16.91,-27.72,-5.52,16.33,150,13:30-16:00,531.66,532.09,2.78,1
2025-06-11,Wednesday,0.25,537,531,QQQ250611C00537000,QQQ250611P00531000,0.98,0.41,139.0,0.36,0.17,-86.0,100,0.0,-17.66,-27.0,-7.58,16.92,149,13:30-16:00,535.57,535.26,3.4,1
2025-06-12,Thursday,0.25,534,528,QQQ250612C00534000,QQQ250612P00528000,0.74,0.57,131.0,0.89,0.15,-27.0,113,0.0,-27.18,-25.08,-0.34,-1.76,151,13:30-16:00,531.83,533.6,3.17,1
2025-06-13,Friday,0.25,529,523,QQQ250613C00529000,QQQ250613P00523000,1.87,0.51,238.0,2.69,0.09,40.0,110,0.0,-28.62,-24.12,-12.31,7.81,150,13:30-16:00,528.67,531.19,5.19,1
2025-06-16,Monday,0.25,532,527,QQQ250616C00532000,QQQ250616P00527000,1.24,0.36,160.0,2.82,0.1,132.0,94,0.0,7.66,7.52,13.85,-13.71,139,13:30-16:00,531.61,534.46,3.72,1
2025-06-17,Tuesday,0.25,534,528,QQQ250617C00534000,QQQ250617P00528000,0.81,0.37,118.0,0.37,0.13,-68.0,106,0.0,-27.65,-36.81,-3.08,12.24,151,13:30-16:00,532.42,532.72,2.24,1
2025-06-18,Wednesday,0.25,534,529,QQQ250618C00534000,QQQ250618P00529000,0.47,1.82,229.0,0.55,1.09,-65.0,97,0.0,-15.17,-30.84,1.1,14.57,151,13:30-16:00,529.83,530.93,3.84,1
2025-06-20,Friday,0.25,531,525,QQQ250620C00531000,QQQ250620P00525000,2.77,0.23,300.0,0.18,0.77,-205.0,119,0.0,-12.1,-50.04,70.61,-32.67,151,13:30-16:00,532.52,526.85,8.1,1
2025-06-23,Monday,0.25,530,525,QQQ250623C00530000,QQQ250623P00525000,0.31,1.29,160.0,0.46,0.35,-79.0,114,0.0,-1.83,7.03,-14.56,5.7,151,13:30-16:00,526.29,528.4,5.41,1
2025-06-24,Tuesday,0.25,541,535,QQQ250624C00541000,QQQ250624P00535000,0.16,0.94,110.0,0.14,0.19,-77.0,86,0.0,-27.41,-20.0,-5.84,-1.57,151,13:30-16:00,536.7,538.69,2.74,1
2025-06-25,Wednesday,0.25,544,538,QQQ250625C00544000,QQQ250625P00538000,0.6,0.23,83.0,0.11,0.24,-48.0,99,0.0,-10.58,-1.0,-8.26,-1.32,151,13:30-16:00,542.48,540.91,2.83,1
2025-06-26,Thursday,0.25,546,540,QQQ250626C00546000,QQQ250626P00540000,0.28,0.33,61.0,0.33,0.1,-18.0,97,0.0,-6.82,-0.69,-6.04,-0.09,151,13:30-16:00,543.45,544.85,3.26,1
2025-06-27,Friday,0.25,551,545,QQQ250627C00551000,QQQ250627P00545000,0.14,0.53,67.0,0.19,0.08,-40.0,99,0.0,-10.95,-2.82,-1.69,-6.44,150,13:30-16:00,547.41,549.43,2.79,1
2025-06-30,Monday,0.25,555,549,QQQ250630C00555000,QQQ250630P00549000,0.19,0.7,89.0,0.05,0.47,-37.0,89,0.0,-30.03,-8.86,-10.23,-10.94,150,13:30-16:00,551.16,550.64,1.66,1
2025-07-01,Tuesday,0.25,553,547,QQQ250701C00553000,QQQ250701P00547000,0.27,0.56,83.0,0.02,1.64,83.0,113,0.0,12.88,-29.05,17.78,24.15,145,13:30-15:58,549.77,546.06,5.8,1
2025-07-02,Wednesday,0.25,551,545,QQQ250702C00551000,QQQ250702P00545000,0.16,0.98,114.0,0.49,0.1,-55.0,94,0.0,-21.03,-30.26,17.71,-8.48,150,13:30-16:00,546.39,550.2,4.44,1
2025-07-03,Thursday,0.25,555,549,QQQ250703C00555000,QQQ250703P00549000,0.64,0.12,76.0,2.03,0.02,129.0,87,0.0,-11.54,5.31,-20.62,3.77,129,13:30-16:00,554.09,556.94,3.73,1
2025-07-07,Monday,0.25,556,550,QQQ250707C00556000,QQQ250707P00550000,0.59,0.3,89.0,0.15,0.16,-58.0,95,0.0,-16.09,-9.06,0.73,-7.76,150,13:30-16:00,554.16,553.49,2.05,1
2025-07-08,Tuesday,0.25,557,551,QQQ250708C00557000,QQQ250708P00551000,0.13,0.56,69.0,0.03,0.36,-30.0,97,0.0,-5.43,-12.11,13.21,-6.53,144,13:30-16:00,553.32,552.61,2.31,1
2025-07-09,Wednesday,0.25,557,550,QQQ250709C00557000,QQQ250709P00550000,0.43,0.15,58.0,0.13,0.14,-31.0,96,0.0,17.12,0.77,19.75,-3.4,151,13:30-16:00,555.08,554.0,4.27,1
2025-07-10,Thursday,0.25,559,552,QQQ250710C00559000,QQQ250710P00552000,0.49,0.19,68.0,0.05,0.13,-50.0,84,0.0,-8.71,-0.55,-6.35,-1.81,148,13:30-16:00,557.06,555.54,4.02,1
2025-07-11,Friday,0.25,556,550,QQQ250711C00556000,QQQ250711P00550000,0.59,0.43,102.0,0.52,0.1,-40.0,107,0.0,-30.45,-25.18,-11.0,5.73,151,13:30-16:00,553.92,555.13,3.08,1
2025-07-14,Monday,0.25,556,550,QQQ250714C00556000,QQQ250714P00550000,0.46,0.24,70.0,0.51,0.06,-13.0,107,0.0,2.42,6.04,4.59,-8.21,151,13:30-16:00,554.21,555.45,3.82,1
2025-07-15,Tuesday,0.25,563,557,QQQ250715C00563000,QQQ250715P00557000,0.34,0.34,68.0,0.04,0.23,-41.0,103,0.0,-7.07,-2.66,1.08,-5.49,148,13:30-16:00,560.42,559.34,2.57,1
2025-07-16,Wednesday,0.25,558,552,QQQ250716C00558000,QQQ250716P00552000,0.9,0.16,106.0,0.15,0.25,-66.0,120,0.0,114.95,-3.85,18.02,100.78,151,13:30-16:00,557.12,555.21,5.25,1
2025-07-17,Thursday,0.25,562,556,QQQ250717C00562000,QQQ250717P00556000,0.17,0.6,77.0,0.59,0.09,-9.0,97,0.0,-8.16,-10.53,8.21,-5.84,151,13:30-16:00,558.12,561.51,4.21,1
2025-07-18,Friday,0.25,566,560,QQQ250718C00566000,QQQ250718P00560000,0.2,0.52,72.0,0.04,0.24,-44.0,105,0.0,-30.17,-24.73,2.8,-8.24,150,13:30-16:00,562.54,561.78,2.71,1
2025-07-21,Monday,0.25,566,560,QQQ250721C00566000,QQQ250721P00560000,0.12,0.33,45.0,0.18,0.05,-22.0,104,0.0,-7.1,8.26,-8.49,-6.87,147,13:30-16:00,562.7,564.92,3.29,1
2025-07-22,Tuesday,0.25,566,560,QQQ250722C00566000,QQQ250722P00560000,0.29,0.25,54.0,0.02,0.57,5.0,101,0.0,7.88,21.49,-8.14,-5.47,143,13:30-16:00,563.66,560.78,4.83,1
2025-07-23,Wednesday,0.25,566,559,QQQ250723C00566000,QQQ250723P00559000,0.22,0.79,101.0,0.11,0.29,-61.0,78,0.0,-10.61,-13.23,-18.49,21.11,151,13:30-16:00,561.42,561.96,3.13,1
2025-07-24,Thursday,0.25,569,563,QQQ250724C00569000,QQQ250724P00563000,0.23,0.5,73.0,0.03,0.19,-51.0,78,0.0,-20.43,-1.32,-16.82,-2.29,150,13:30-16:00,565.52,565.19,2.33,1
2025-07-25,Friday,0.25,569,562,QQQ250725C00569000,QQQ250725P00562000,0.07,0.39,46.0,0.04,0.06,-36.0,61,0.0,-16.72,-11.34,-1.8,-3.58,148,13:30-16:00,564.85,566.46,2.19,1
2025-07-28,Monday,0.25,573,566,QQQ250728C00573000,QQQ250728P00566000,0.06,0.49,55.0,0.01,0.15,-39.0,62,0.0,-16.68,-15.76,1.18,-2.1,116,13:30-16:00,568.08,568.05,2.06,1
2025-07-29,Tuesday,0.25,574,567,QQQ250729C00574000,QQQ250729P00567000,0.16,0.12,28.0,0.02,0.29,3.0,106,0.0,15.51,-0.91,-1.83,18.25,146,13:30-16:00,571.37,568.67,4.98,1
2025-07-30,Wednesday,0.25,571,565,QQQ250730C00571000,QQQ250730P00565000,0.53,0.92,145.0,0.68,0.38,-39.0,94,0.0,-23.47,-19.66,3.56,-7.37,145,13:30-16:00,567.75,569.03,1.96,1
2025-07-31,Thursday,0.25,579,572,QQQ250731C00579000,QQQ250731P00572000,0.16,1.3,146.0,0.02,2.46,102.0,85,0.0,5.85,-18.25,10.32,13.78,124,13:30-15:56,573.38,570.33,5.17,1
2025-08-01,Friday,0.25,562,556,QQQ250801C00562000,QQQ250801P00556000,0.64,1.52,216.0,0.16,0.97,-103.0,120,0.0,27.66,33.15,-8.32,2.83,151,13:30-16:00,557.7,557.09,6.56,1
2025-08-04,Monday,0.25,561,555,QQQ250804C00561000,QQQ250804P00555000,0.82,0.52,134.0,2.49,0.07,122.0,107,0.0,-19.93,-1.82,-12.29,-5.82,147,13:30-16:00,559.2,563.15,3.95,1
2025-08-05,Tuesday,0.25,569,562,QQQ250805C00569000,QQQ250805P00562000,0.19,0.78,97.0,0.01,1.72,76.0,126,0.0,8.0,-3.71,7.06,4.65,145,13:30-16:00,564.36,560.87,6.68,1
2025-08-06,Wednesday,0.25,564,557,QQQ250806C00564000,QQQ250806P00557000,0.41,0.51,92.0,2.11,0.04,123.0,123,0.0,50.34,21.91,17.78,10.65,150,13:30-16:00,561.04,565.72,5.43,1
2025-08-07,Thursday,0.25,574,568,QQQ250807C00574000,QQQ250807P00568000,0.43,0.54,97.0,0.05,0.76,-16.0,129,0.0,46.85,27.17,14.24,5.44,151,13:30-16:00,571.36,569.12,4.23,1
2025-08-08,Friday,0.25,574,568,QQQ250808C00574000,QQQ250808P00568000,0.34,0.54,88.0,0.73,0.1,-5.0,114,0.0,-2.86,2.91,-8.08,2.31,150,13:30-16:00,570.95,573.69,3.66,1
2025-08-11,Monday,0.25,578,572,QQQ250811C00578000,QQQ250811P00572000,0.26,0.55,81.0,0.09,0.09,-63.0,96,0.0,-35.75,-25.36,-0.65,-9.74,151,13:30-16:00,574.81,575.78,1.98,1
2025-08-12,Tuesday,0.25,576,570,QQQ250812C00576000,QQQ250812P00570000,1.16,0.29,145.0,2.32,0.05,92.0,108,0.0,40.26,35.46,-11.21,16.01,147,13:30-16:00,575.3,578.04,5.77,1
2025-08-13,Wednesday,0.25,585,578,QQQ250813C00585000,QQQ250813P00578000,0.28,0.25,53.0,0.03,0.37,-13.0,99,0.0,-6.06,-1.54,1.19,-5.71,150,13:30-16:00,582.43,579.87,3.94,1
2025-08-14,Thursday,0.25,584,577,QQQ250814C00584000,QQQ250814P00577000,0.1,1.27,137.0,0.03,0.28,-106.0,87,0.0,-16.4,-15.88,-5.81,5.29,151,13:30-16:00,578.04,579.99,3.75,1
2025-08-15,Friday,0.25,583,576,QQQ250815C00583000,QQQ250815P00576000,0.25,0.77,102.0,0.02,0.66,-34.0,105,0.0,-20.1,-23.55,-0.91,4.36,139,13:30-16:00,578.65,576.85,3.31,1
2025-08-18,Monday,0.25,579,573,QQQ250818C00579000,QQQ250818P00573000,0.62,0.3,92.0,0.06,0.13,-73.0,101,0.0,-27.33,-28.17,3.47,-2.63,150,13:30-16:00,577.22,576.01,2.3,1
2025-08-19,Tuesday,0.25,581,574,QQQ250819C00581000,QQQ250819P00574000,0.05,0.48,53.0,0.01,2.41,189.0,99,0.0,41.93,4.9,25.68,11.35,117,13:30-16:00,576.2,571.75,5.7,1
2025-08-20,Wednesday,0.25,572,565,QQQ250820C00572000,QQQ250820P00565000,0.25,0.97,122.0,0.02,3.22,202.0,104,0.0,26.39,51.88,-14.89,-10.6,137,13:30-15:58,567.33,562.07,8.72,1
2025-08-21,Thursday,0.25,569,563,QQQ250821C00569000,QQQ250821P00563000,0.2,2.06,226.0,0.04,1.61,-61.0,115,0.0,18.52,10.72,-8.17,15.97,151,13:30-16:00,562.91,562.65,3.96,1
2025-08-22,Friday,0.25,567,561,QQQ250822C00567000,QQQ250822P00561000,1.32,2.14,346.0,5.27,0.06,187.0,92,0.0,82.91,112.12,-36.61,7.4,124,13:30-16:00,563.36,572.06,10.57,1
2025-08-25,Monday,0.25,574,567,QQQ250825C00574000,QQQ250825P00567000,0.27,0.45,72.0,0.33,0.06,-33.0,100,0.0,-21.14,-15.47,-4.06,-1.61,148,13:30-16:00,570.42,573.05,3.94,1
2025-08-26,Tuesday,0.25,573,567,QQQ250826C00573000,QQQ250826P00567000,0.3,0.61,91.0,0.15,0.1,-66.0,103,0.0,-19.18,-15.1,-0.85,-3.23,149,13:30-16:00,569.81,571.16,2.7,1
2025-08-27,Wednesday,0.25,576,570,QQQ250827C00576000,QQQ250827P00570000,0.5,1.52,202.0,0.66,0.61,-75.0,97,0.0,-33.56,-11.2,-2.43,-19.93,151,13:30-16:00,571.44,573.49,3.12,1
2025-08-28,Thursday,0.25,577,570,QQQ250828C00577000,QQQ250828P00570000,1.07,0.32,139.0,0.3,0.1,-99.0,122,0.0,6.92,17.77,-9.45,-1.4,147,13:30-16:00,575.68,575.16,4.11,1
2025-08-29,Friday,0.25,578,572,QQQ250829C00578000,QQQ250829P00572000,0.34,0.68,102.0,0.03,2.73,174.0,97,0.0,4.53,40.72,-1.48,-34.71,135,13:30-16:00,574.59,569.47,5.69,1
2025-09-02,Tuesday,0.25,570,564,QQQ250902C00570000,QQQ250902P00564000,0.05,4.48,453.0,0.03,3.9,-60.0,110,0.0,-0.08,-24.53,8.37,16.08,150,13:30-16:00,560.25,560.36,5.66,1
2025-09-03,Wednesday,0.25,573,566,QQQ250903C00573000,QQQ250903P00566000,0.24,0.7,94.0,0.05,0.26,-63.0,105,0.0,-2.19,-3.85,-5.14,6.8,151,13:30-16:00,568.99,569.05,3.59,1
2025-09-04,Thursday,0.25,575,568,QQQ250904C00575000,QQQ250904P00568000,0.23,0.89,112.0,0.14,0.24,-74.0,102,0.0,-3.44,-6.2,-1.0,3.76,151,13:30-16:00,570.47,572.04,3.37,1
2025-09-05,Friday,0.25,582,575,QQQ250905C00582000,QQQ250905P00575000,0.71,0.41,112.0,0.03,1.51,42.0,124,0.0,58.1,23.19,58.78,-23.87,151,13:30-16:00,579.96,574.5,9.18,1
2025-09-08,Monday,0.25,581,575,QQQ250908C00581000,QQQ250908P00575000,0.3,0.43,73.0,0.4,0.06,-27.0,109,0.0,-6.83,-0.16,-8.87,2.2,150,13:30-16:00,578.45,580.22,2.34,1
2025-09-09,Tuesday,0.25,583,577,QQQ250909C00583000,QQQ250909P00577000,0.23,0.67,90.0,0.02,0.33,-55.0,98,0.0,-37.82,-26.59,-3.9,-7.33,145,13:30-16:00,579.46,578.42,2.81,1
2025-09-10,Wednesday,0.25,584,578,QQQ250910C00584000,QQQ250910P00578000,0.64,0.34,98.0,0.18,0.09,-71.0,107,0.0,-23.28,-17.86,0.37,-5.79,150,13:30-16:00,582.39,582.38,1.68,1
2025-09-11,Thursday,0.25,585,579,QQQ250911C00585000,QQQ250911P00579000,0.69,0.41,110.0,0.59,0.14,-37.0,107,0.0,-21.87,-15.46,0.4,-6.81,150,13:30-16:00,583.32,584.48,3.11,1
2025-09-12,Friday,0.25,588,581,QQQ250912C00588000,QQQ250912P00581000,0.22,0.29,51.0,0.09,0.06,-36.0,78,0.0,-26.12,-24.7,0.54,-1.96,149,13:30-15:59,585.19,586.23,2.51,1
2025-09-15,Monday,0.25,590,583,QQQ250915C00590000,QQQ250915P00583000,0.53,0.13,66.0,1.2,0.05,59.0,82,0.0,-15.21,-8.48,-3.92,-2.81,125,13:30-16:00,588.72,590.86,2.33,1
2025-09-17,Wednesday,0.25,595,588,QQQ250917C00595000,QQQ250917P00588000,0.71,1.1,181.0,0.49,2.53,121.0,78,0.0,66.92,20.97,45.07,0.88,151,13:30-16:00,591.35,588.22,3.14,1
2025-09-18,Thursday,0.25,599,593,QQQ250918C00599000,QQQ250918P00593000,0.2,1.13,133.0,0.09,0.22,-102.0,115,0.0,-25.23,-12.57,-9.18,-3.48,151,13:30-16:00,594.37,596.28,4.66,1
2025-09-19,Friday,0.25,600,593,QQQ250919C00600000,QQQ250919P00593000,0.49,0.46,95.0,0.09,0.09,-77.0,86,0.0,-57.69,-48.32,0.31,-9.68,151,13:30-16:00,597.32,597.54,2.27,1
2025-09-22,Monday,0.25,600,594,QQQ250922C00600000,QQQ250922P00594000,0.41,0.25,66.0,0.82,0.05,21.0,99,0.0,-21.73,-28.99,14.55,-7.29,136,13:30-16:00,598.09,600.31,2.62,1
2025-09-23,Tuesday,0.25,606,599,QQQ250923C00606000,QQQ250923P00599000,0.12,0.36,48.0,0.03,0.3,-15.0,75,0.0,-16.22,-12.4,-5.59,1.77,127,13:30-15:57,602.21,600.92,1.67,1
2025-09-24,Wednesday,0.25,604,597,QQQ250924C00604000,QQQ250924P00597000,0.06,0.67,73.0,0.02,2.79,208.0,85,0.0,0.22,-10.62,-5.68,16.52,113,13:30-16:00,599.17,594.53,4.64,1
2025-09-25,Thursday,0.25,599,592,QQQ250925C00599000,QQQ250925P00592000,0.05,2.08,213.0,0.05,0.31,-177.0,108,0.0,-2.74,5.7,-6.13,-2.31,149,13:30-16:00,591.36,594.85,6.45,1
2025-09-26,Friday,0.25,596,590,QQQ250926C00596000,QQQ250926P00590000,0.62,0.81,143.0,0.13,0.45,-85.0,119,0.0,17.66,16.05,7.35,-5.74,151,13:30-16:00,593.21,592.38,4.77,1
2025-09-29,Monday,0.25,603,597,QQQ250929C00603000,QQQ250929P00597000,0.17,0.67,84.0,0.03,0.25,-56.0,104,0.0,-31.59,-20.55,-10.81,-0.23,151,13:30-16:00,599.22,599.1,3.12,1
2025-09-30,Tuesday,0.25,602,595,QQQ250930C00602000,QQQ250930P00595000,0.23,0.62,85.0,0.05,0.23,-57.0,109,0.0,-12.66,-22.18,5.64,3.88,150,13:30-16:00,598.12,598.24,2.92,1
2025-10-01,Wednesday,0.25,600,594,QQQ251001C00600000,QQQ251001P00594000,0.36,0.78,114.0,1.77,0.06,69.0,102,0.0,-7.79,2.06,1.51,-11.36,146,13:30-16:00,596.77,601.43,4.83,1
2025-10-02,Thursday,0.25,609,602,QQQ251002C00609000,QQQ251002P00602000,0.32,0.26,58.0,0.04,0.22,-32.0,107,0.0,11.06,2.12,3.36,5.58,146,13:30-16:00,606.5,604.76,3.61,1
2025-10-03,Friday,0.25,611,604,QQQ251003C00611000,QQQ251003P00604000,0.06,0.66,72.0,0.02,0.13,-57.0,75,0.0,-23.13,-8.88,-9.87,-4.38,118,13:30-16:00,606.38,606.74,2.38,1
2025-10-06,Monday,0.25,610,603,QQQ251006C00610000,QQQ251006P00603000,0.43,0.26,69.0,0.14,0.06,-49.0,80,0.0,-18.43,-6.18,-10.36,-1.89,150,13:30-16:00,608.07,608.31,2.11,1
2025-10-07,Tuesday,0.25,611,605,QQQ251007C00611000,QQQ251007P00605000,0.34,0.29,63.0,0.02,1.4,79.0,111,0.0,40.19,-20.66,50.21,10.64,151,13:30-16:00,608.89,604.62,6.45,1
2025-10-08,Wednesday,0.25,609,602,QQQ251008C00609000,QQQ251008P00602000,0.23,0.42,65.0,0.99,0.05,39.0,104,0.0,-16.09,-4.86,-6.17,-5.06,139,13:30-16:00,605.67,609.46,4.01,1
2025-10-09,Thursday,0.25,615,608,QQQ251009C00615000,QQQ251009P00608000,0.14,0.41,55.0,0.02,0.26,-27.0,86,0.0,-19.58,-10.71,-5.31,-3.56,133,13:30-16:00,611.28,610.06,3.03,1
2025-10-10,Friday,0.25,615,608,QQQ251010C00615000,QQQ251010P00608000,0.2,0.48,68.0,0.01,8.59,792.0,88,0.0,163.45,-9.28,125.86,46.87,146,13:30-15:59,611.47,599.74,16.55,1
2025-10-13,Monday,0.25,604,597,QQQ251013C00604000,QQQ251013P00597000,0.6,1.45,205.0,0.26,0.38,-141.0,110,0.0,-38.61,-18.71,10.43,-30.33,150,13:30-16:00,599.57,601.1,4.3,1
2025-10-14,Tuesday,0.25,599,593,QQQ251014C00599000,QQQ251014P00593000,0.81,2.1,291.0,1.75,0.31,-85.0,114,0.0,-28.63,-28.82,-8.23,8.42,151,13:30-16:00,594.49,599.29,9.45,1
2025-10-15,Wednesday,0.25,606,599,QQQ251015C00606000,QQQ251015P00599000,0.75,0.83,158.0,0.47,0.58,-53.0,107,0.0,41.66,7.08,-16.86,51.44,151,13:30-16:00,603.41,602.96,5.45,1
2025-10-16,Thursday,0.25,608,602,QQQ251016C00608000,QQQ251016P00602000,1.07,1.1,217.0,0.33,1.82,-2.0,120,0.0,73.2,27.41,5.89,39.9,151,13:30-16:00,605.72,602.82,5.33,1
2025-10-17,Friday,0.25,596,590,QQQ251017C00596000,QQQ251017P00590000,4.08,1.2,528.0,5.9,0.22,84.0,107,0.0,-56.14,-17.28,19.81,-58.67,142,13:30-16:00,597.21,601.28,6.46,1
2025-10-20,Monday,0.25,610,603,QQQ251020C00610000,QQQ251020P00603000,1.09,0.62,171.0,2.5,0.12,91.0,95,0.0,-29.1,-48.93,8.05,11.78,142,13:30-16:00,608.48,611.92,3.91,1
2025-10-21,Tuesday,0.25,615,608,QQQ251021C00615000,QQQ251021P00608000,0.29,0.68,97.0,0.08,0.17,-72.0,94,0.0,-29.32,-26.7,0.85,-3.47,149,13:30-16:00,611.31,612.24,2.88,1
2025-10-22,Wednesday,0.25,614,607,QQQ251022C00614000,QQQ251022P00607000,0.26,1.01,127.0,0.03,1.58,34.0,107,0.0,-4.68,-35.31,13.98,16.65,148,13:30-16:00,609.67,606.54,6.44,1
2025-10-23,Thursday,0.25,609,602,QQQ251023C00609000,QQQ251023P00602000,0.48,1.06,154.0,1.12,0.13,-29.0,110,0.0,-32.6,-11.92,-12.8,-7.88,151,13:30-16:00,605.09,609.13,4.51,1
2025-10-24,Friday,0.25,618,611,QQQ251024C00618000,QQQ251024P00611000,0.54,0.59,113.0,0.67,0.14,-32.0,115,0.0,-24.35,-11.69,-9.58,-3.08,150,13:30-16:00,615.27,617.6,2.57,1
2025-10-27,Monday,0.25,628,621,QQQ251027C00628000,QQQ251027P00621000,0.31,0.46,77.0,0.13,0.14,-50.0,87,0.0,-28.53,-20.48,-2.07,-5.98,140,13:30-16:00,625.23,626.56,2.4,1
2025-10-28,Tuesday,0.25,632,625,QQQ251028C00632000,QQQ251028P00625000,0.9,0.34,124.0,0.33,0.13,-78.0,97,0.0,-43.48,-22.84,-5.7,-14.94,150,13:30-16:00,630.79,630.67,2.0,1
2025-10-29,Wednesday,0.25,639,631,QQQ251029C00639000,QQQ251029P00631000,1.38,1.26,264.0,1.36,1.66,38.0,76,0.0,54.39,32.05,7.11,15.23,151,13:30-16:00,635.66,634.86,2.21,1
2025-10-30,Thursday,0.25,639,632,QQQ251030C00639000,QQQ251030P00632000,0.41,3.39,380.0,0.06,3.93,19.0,96,0.0,-34.33,-20.5,-27.69,13.86,146,13:30-16:00,631.23,629.0,4.89,1
2025-10-31,Friday,0.25,638,631,QQQ251031C00638000,QQQ251031P00631000,0.34,1.08,142.0,0.02,2.24,84.0,97,0.0,-12.61,-9.35,-31.45,28.19,149,13:30-16:00,633.71,629.86,3.85,1
2025-11-03,Monday,0.25,637,630,QQQ251103C00637000,QQQ251103P00630000,1.02,0.47,149.0,0.1,1.12,-27.0,76,0.0,-3.25,0.54,11.8,-15.59,91,14:30-16:00,635.42,631.29,5.59,1
2025-11-04,Tuesday,0.25,627,620,QQQ251104C00627000,QQQ251104P00620000,0.87,1.32,219.0,0.69,0.36,-114.0,75,0.0,-48.02,-8.56,-31.05,-8.41,91,14:30-16:00,622.98,625.03,5.18,1
2025-11-05,Wednesday,0.25,621,614,QQQ251105C00621000,QQQ251105P00614000,1.45,0.84,229.0,2.52,0.15,38.0,75,0.0,-19.52,-25.32,-8.96,14.76,91,14:30-16:00,619.19,622.55,5.58,1
2025-11-06,Thursday,0.25,627,620,QQQ251106C00627000,QQQ251106P00620000,0.28,1.74,202.0,0.04,7.27,529.0,58,0.0,70.4,24.74,-9.4,55.06,90,14:30-16:00,621.26,613.29,8.86,1
2025-11-07,Friday,0.25,616,609,QQQ251107C00616000,QQQ251107P00609000,0.27,4.15,442.0,0.05,7.58,321.0,59,0.0,-40.05,-9.56,10.81,-41.3,86,14:30-15:59,606.81,601.42,6.31,1
2025-11-10,Monday,0.25,622,615,QQQ251110C00622000,QQQ251110P00615000,0.81,0.76,157.0,0.25,0.67,-65.0,66,0.0,-19.07,-39.26,-9.12,29.31,91,14:30-16:00,619.49,618.07,3.83,1
2025-11-11,Tuesday,0.25,625,618,QQQ251111C00625000,QQQ251111P00618000,0.37,0.81,118.0,0.05,1.13,-0.0,66,0.0,-27.63,-37.73,8.03,2.07,90,14:30-16:00,620.94,618.54,3.41,1
2025-11-12,Wednesday,0.25,629,622,QQQ251112C00629000,QQQ251112P00622000,0.2,1.02,122.0,0.03,3.32,213.0,58,0.0,28.75,25.85,8.64,-5.74,86,14:30-16:00,623.8,619.3,4.85,1
2025-11-13,Thursday,0.25,623,616,QQQ251113C00623000,QQQ251113P00616000,0.33,1.91,224.0,0.08,4.24,208.0,64,0.0,46.27,-10.87,4.64,52.5,91,14:30-16:00,617.07,612.45,6.55,1
2025-11-14,Friday,0.25,609,602,QQQ251114C00609000,QQQ251114P00602000,0.43,5.2,563.0,2.75,0.46,-242.0,72,0.0,-24.56,-24.09,35.04,-35.51,91,14:30-16:00,598.94,609.65,12.81,1
2025-11-17,Monday,0.25,618,611,QQQ251117C00618000,QQQ251117P00611000,0.08,6.58,666.0,0.06,3.6,-300.0,66,0.0,-46.97,-62.04,4.41,10.66,90,14:30-16:00,605.54,608.39,6.85,1
2025-11-18,Tuesday,0.25,605,598,QQQ251118C00605000,QQQ251118P00598000,1.1,2.33,343.0,0.21,5.76,254.0,77,0.0,192.93,111.53,34.64,46.76,90,14:30-16:00,600.01,593.61,8.48,1
2025-11-19,Wednesday,0.25,601,595,QQQ251119C00601000,QQQ251119P00595000,1.98,3.08,506.0,2.99,1.03,-104.0,60,0.0,-1.52,-51.69,-1.63,51.8,91,14:30-16:00,596.86,601.09,9.51,1
2025-11-20,Thursday,0.25,612,605,QQQ251120C00612000,QQQ251120P00605000,2.26,1.12,338.0,1.13,0.83,-142.0,74,0.0,7.14,-23.38,-23.91,54.43,91,14:30-16:00,610.85,609.7,4.29,1
2025-11-21,Friday,0.25,589,582,QQQ251121C00589000,QQQ251121P00582000,3.98,2.03,601.0,1.21,2.95,-185.0,79,0.0,25.5,-13.18,31.62,7.06,91,14:30-16:00,588.57,583.2,8.16,1
2025-11-24,Monday,0.25,596,589,QQQ251124C00596000,QQQ251124P00589000,2.73,0.94,367.0,6.22,0.17,272.0,63,0.0,2.22,19.94,7.57,-25.29,88,14:30-16:00,595.8,601.77,6.5,1
2025-11-25,Tuesday,0.25,606,600,QQQ251125C00606000,QQQ251125P00600000,1.0,1.47,247.0,0.42,1.01,-104.0,72,0.0,47.65,2.12,32.58,12.95,91,14:30-16:00,602.8,602.44,5.83,1
2025-11-26,Wednesday,0.25,614,608,QQQ251126C00614000,QQQ251126P00608000,1.31,0.59,190.0,1.15,0.24,-51.0,77,0.0,-31.83,8.84,-15.27,-25.4,91,14:30-16:00,612.99,613.77,3.03,1
2025-11-28,Friday,0.25,620,613,QQQ251128C00620000,QQQ251128P00613000,0.36,0.7,106.0,0.13,0.11,-82.0,57,0.0,-53.87,-21.92,-30.67,-1.28,91,14:30-16:00,616.27,617.24,1.83,1
2025-12-01,Monday,0.25,619,612,QQQ251201C00619000,QQQ251201P00612000,0.48,1.34,182.0,0.62,0.27,-93.0,73,0.0,-31.24,-27.08,5.25,-9.41,91,14:30-16:00,614.24,617.31,4.76,1
2025-12-02,Tuesday,0.25,622,615,QQQ251202C00622000,QQQ251202P00615000,0.62,0.62,124.0,1.83,0.12,71.0,67,0.0,7.89,8.07,10.64,-10.82,91,14:30-16:00,619.09,622.93,4.46,1
2025-12-03,Wednesday,0.25,626,619,QQQ251203C00626000,QQQ251203P00619000,0.2,2.31,251.0,0.1,0.64,-177.0,78,0.0,-52.43,-32.4,-8.41,-11.62,91,14:30-16:00,619.22,621.43,3.7,1
2025-12-04,Thursday,0.25,627,620,QQQ251204C00627000,QQQ251204P00620000,0.51,0.65,116.0,0.07,0.93,-16.0,66,0.0,12.28,31.03,-6.05,-12.7,91,14:30-16:00,623.92,621.48,3.46,1
2025-12-05,Friday,0.25,629,622,QQQ251205C00629000,QQQ251205P00622000,0.45,0.78,123.0,0.32,0.33,-58.0,71,0.0,3.87,-5.81,-8.73,18.41,91,14:30-16:00,625.64,626.34,4.09,1
2025-12-08,Monday,0.25,631,624,QQQ251208C00631000,QQQ251208P00624000,0.38,0.54,92.0,0.04,1.39,51.0,67,0.0,-9.12,-13.02,11.79,-7.89,91,14:30-16:00,627.95,623.99,4.43,1
2025-12-09,Tuesday,0.25,628,621,QQQ251209C00628000,QQQ251209P00621000,0.16,1.21,137.0,0.07,0.17,-113.0,63,0.0,-44.34,-34.38,-5.46,-4.5,91,14:30-16:00,622.65,624.78,2.9,1
2025-12-10,Wednesday,0.25,629,622,QQQ251210C00629000,QQQ251210P00622000,0.64,1.87,251.0,0.29,2.79,57.0,65,0.0,8.12,-10.99,-2.24,21.35,91,14:30-16:00,623.78,621.57,2.69,1
2025-12-11,Thursday,0.25,626,619,QQQ251211C00626000,QQQ251211P00619000,0.93,1.09,202.0,0.26,0.97,-79.0,79,0.0,-8.85,20.89,-45.85,16.11,91,14:30-16:00,622.59,621.27,5.28,1
2025-12-12,Friday,0.25,626,619,QQQ251212C00626000,QQQ251212P00619000,0.37,0.87,124.0,0.07,4.84,367.0,69,0.0,96.39,-11.92,76.07,32.24,91,14:30-16:00,621.84,614.88,9.17,1
2025-12-15,Monday,0.25,620,613,QQQ251215C00620000,QQQ251215P00613000,0.73,0.55,128.0,0.07,2.08,87.0,75,0.0,55.37,4.39,47.77,3.21,91,14:30-16:00,617.7,612.0,7.81,1
2025-12-16,Tuesday,0.25,611,605,QQQ251216C00611000,QQQ251216P00605000,1.52,0.83,235.0,1.38,0.26,-71.0,77,0.0,51.65,42.73,20.87,-11.95,91,14:30-16:00,609.65,610.54,5.08,1
2025-12-17,Wednesday,0.25,617,610,QQQ251217C00617000,QQQ251217P00610000,0.5,1.03,153.0,0.04,5.77,428.0,66,0.0,38.95,4.14,-8.57,43.38,91,14:30-16:00,612.98,604.66,8.73,1
2025-12-18,Thursday,0.25,608,601,QQQ251218C00608000,QQQ251218P00601000,3.59,0.22,381.0,4.08,0.11,38.0,69,0.0,-15.66,30.13,-26.82,-18.97,91,14:30-16:00,610.42,611.82,5.23,1
2025-12-19,Friday,0.25,616,609,QQQ251219C00616000,QQQ251219P00609000,0.81,0.97,178.0,0.72,0.32,-74.0,68,0.0,-24.91,-15.82,-4.15,-4.94,91,14:30-16:00,612.7,614.56,4.43,1
2025-12-22,Monday,0.25,623,616,QQQ251222C00623000,QQQ251222P00616000,0.58,0.36,94.0,0.05,0.18,-71.0,64,0.0,-35.0,-15.33,-13.58,-6.09,91,14:30-16:00,620.88,618.94,3.48,1
2025-12-23,Tuesday,0.25,624,617,QQQ251223C00624000,QQQ251223P00617000,0.13,0.51,64.0,0.03,0.11,-50.0,54,0.0,-28.98,-22.34,-2.58,-4.06,88,14:30-16:00,620.0,620.32,2.59,1
2025-12-24,Wednesday,0.25,626,619,QQQ251224C00626000,QQQ251224P00619000,0.05,0.18,23.0,0.01,0.04,-18.0,36,0.0,-12.8,-10.66,-2.56,0.42,76,14:30-16:00,622.22,622.82,1.15,1
2025-12-26,Friday,0.25,627,620,QQQ251226C00627000,QQQ251226P00620000,0.21,0.21,42.0,0.1,0.07,-25.0,52,0.0,-9.05,-5.4,0.82,-4.47,90,14:30-16:00,624.1,624.73,2.2,1
2025-12-29,Monday,0.25,625,618,QQQ251229C00625000,QQQ251229P00618000,0.1,0.89,99.0,0.04,0.34,-61.0,61,0.0,-1.9,1.78,-9.63,5.95,91,14:30-16:00,619.74,620.04,3.16,1
2025-12-30,Tuesday,0.25,625,618,QQQ251230C00625000,QQQ251230P00618000,0.1,0.69,79.0,0.03,0.13,-63.0,54,0.0,-35.85,-25.73,-3.07,-7.05,89,14:30-16:00,620.43,621.15,2.17,1
2025-12-31,Wednesday,0.25,621,614,QQQ251231C00621000,QQQ251231P00614000,0.73,0.21,94.0,0.1,0.32,-52.0,55,0.0,-9.79,-1.56,-5.38,-2.85,91,14:30-16:00,619.67,616.95,3.14,1
2026-01-02,Friday,0.25,625,618,QQQ260102C00625000,QQQ260102P00618000,0.16,0.49,65.0,0.01,6.04,540.0,70,0.0,104.89,35.12,59.95,9.82,91,14:30-16:00,620.89,612.31,10.28,1
2026-01-05,Monday,0.25,620,613,QQQ260105C00620000,QQQ260105P00613000,1.43,0.28,171.0,0.76,0.11,-84.0,77,0.0,-30.09,-12.85,-7.24,-10.0,91,14:30-16:00,619.59,619.52,3.26,1
2026-01-06,Tuesday,0.25,621,614,QQQ260106C00621000,QQQ260106P00614000,0.92,0.2,112.0,0.6,0.11,-41.0,69,0.0,-4.73,-0.59,-5.47,1.33,89,14:30-16:00,620.01,620.25,3.72,1
2026-01-07,Wednesday,0.25,626,619,QQQ260107C00626000,QQQ260107P00619000,0.3,0.5,80.0,0.99,0.07,26.0,70,0.0,25.84,-1.4,5.02,22.22,91,14:30-16:00,622.71,626.08,3.37,1
2026-01-08,Thursday,0.25,626,619,QQQ260108C00626000,QQQ260108P00619000,0.3,0.67,97.0,0.03,0.69,-25.0,77,0.0,0.2,5.6,-14.9,9.5,91,14:30-16:00,622.35,620.42,4.19,1
2026-01-09,Friday,0.25,625,618,QQQ260109C00625000,QQQ260109P00618000,0.56,1.39,195.0,0.68,0.14,-113.0,72,0.0,-38.4,37.76,-67.93,-8.23,91,14:30-16:00,620.64,624.03,5.49,1
2026-01-12,Monday,0.25,624,617,QQQ260112C00624000,QQQ260112P00617000,1.44,0.29,173.0,2.72,0.05,104.0,67,0.0,-19.3,-15.1,-4.1,-0.1,84,14:30-15:59,623.42,626.33,3.3,1
2026-01-13,Tuesday,0.25,630,623,QQQ260113C00630000,QQQ260113P00623000,0.6,0.33,93.0,0.13,0.3,-50.0,79,0.0,37.11,13.02,23.49,0.6,91,14:30-16:00,627.8,626.0,5.44,1
2026-01-14,Wednesday,0.25,629,622,QQQ260114C00629000,QQQ260114P00622000,0.14,2.06,220.0,0.02,6.01,383.0,61,0.0,42.4,51.36,-30.15,21.19,87,14:30-15:59,622.06,616.26,7.32,1
2026-01-15,Thursday,0.25,627,620,QQQ260115C00627000,QQQ260115P00620000,1.1,0.29,139.0,0.59,0.17,-63.0,74,0.0,-1.38,2.48,3.26,-7.12,91,14:30-16:00,626.12,625.87,2.73,1
2026-01-16,Friday,0.25,628,621,QQQ260116C00628000,QQQ260116P00621000,0.57,0.35,92.0,0.04,1.18,30.0,74,0.0,-2.56,5.94,-0.35,-8.15,91,14:30-16:00,625.88,621.08,6.96,1
2026-01-20,Tuesday,0.25,611,605,QQQ260120C00611000,QQQ260120P00605000,3.31,0.79,410.0,3.5,0.09,-51.0,77,0.0,-81.18,1.99,-76.34,-6.83,91,14:30-16:00,611.73,613.79,3.63,1
2026-01-21,Wednesday,0.25,613,606,QQQ260121C00613000,QQQ260121P00606000,1.0,1.04,204.0,3.49,0.1,155.0,62,0.0,-25.54,-23.67,-11.74,9.87,91,14:30-16:00,609.93,616.02,8.45,1
2026-01-22,Thursday,0.25,625,618,QQQ260122C00625000,QQQ260122P00618000,0.38,0.77,115.0,0.09,0.72,-34.0,70,0.0,-3.53,26.44,-10.89,-19.08,91,14:30-16:00,621.23,619.99,3.5,1
2026-01-23,Friday,0.25,623,616,QQQ260123C00623000,QQQ260123P00616000,0.64,0.68,132.0,2.57,0.09,134.0,66,0.0,-14.96,-14.12,5.83,-6.67,91,14:30-16:00,620.01,625.12,6.3,1
2026-01-26,Monday,0.25,625,618,QQQ260126C00625000,QQQ260126P00618000,0.6,0.57,117.0,2.07,0.1,100.0,67,0.0,-12.43,-3.96,-12.64,4.17,91,14:30-16:00,622.41,626.56,4.19,1
2026-01-27,Tuesday,0.25,633,625,QQQ260127C00633000,QQQ260127P00625000,0.13,0.47,60.0,0.26,0.12,-22.0,52,0.0,-2.21,-4.1,2.97,-1.08,91,14:30-16:00,628.87,631.36,4.2,1
2026-01-28,Wednesday,0.25,639,632,QQQ260128C00639000,QQQ260128P00632000,0.85,1.38,223.0,0.46,1.76,-1.0,60,0.0,-3.57,6.2,-12.3,2.53,91,14:30-16:00,635.42,633.6,3.07,1
2026-01-29,Thursday,0.25,639,632,QQQ260129C00639000,QQQ260129P00632000,0.24,2.0,224.0,0.03,12.35,1014.0,46,0.0,1.67,26.03,14.55,-38.91,76,14:30-15:58,632.82,619.35,13.97,1
2026-01-30,Friday,0.25,626,619,QQQ260130C00626000,QQQ260130P00619000,3.29,0.5,379.0,1.7,0.3,-179.0,74,0.0,9.06,-19.64,9.52,19.18,91,14:30-16:00,627.21,625.81,3.61,1
2026-02-02,Monday,0.25,620,613,QQQ260202C00620000,QQQ260202P00613000,2.85,0.53,338.0,5.68,0.07,237.0,52,0.0,-23.96,-9.43,-13.05,-1.48,74,14:30-15:58,620.66,625.44,6.8,1
2026-02-03,Tuesday,0.25,633,626,QQQ260203C00633000,QQQ260203P00626000,0.2,0.87,107.0,0.03,5.7,466.0,60,0.0,63.64,31.18,11.68,20.78,76,14:30-15:58,628.54,620.42,11.26,1
2026-02-04,Wednesday,0.25,618,612,QQQ260204C00618000,QQQ260204P00612000,1.1,2.66,376.0,0.25,4.26,75.0,78,0.0,76.55,45.85,13.93,16.77,91,14:30-16:00,613.22,608.96,5.85,1
2026-02-05,Thursday,0.25,612,605,QQQ260205C00612000,QQQ260205P00605000,0.42,8.06,848.0,0.14,8.62,28.0,55,0.0,-29.02,-31.69,-66.81,69.48,87,14:30-16:00,598.83,597.07,9.01,1
2026-02-06,Friday,0.25,603,596,QQQ260206C00603000,QQQ260206P00596000,1.98,2.11,409.0,2.4,0.48,-121.0,67,0.0,-24.03,-36.07,34.25,-22.21,91,14:30-16:00,599.68,603.32,5.78,1
2026-02-09,Monday,0.25,614,607,QQQ260209C00614000,QQQ260209P00607000,0.3,3.3,360.0,1.2,0.14,-226.0,73,0.0,-89.29,-53.66,-26.74,-8.89,91,14:30-16:00,605.89,613.95,8.13,1
2026-02-10,Tuesday,0.25,619,612,QQQ260210C00619000,QQQ260210P00612000,0.49,0.97,146.0,0.15,0.38,-93.0,77,0.0,5.52,-13.39,19.28,-0.37,91,14:30-16:00,615.35,615.53,4.4,1
2026-02-11,Wednesday,0.25,616,609,QQQ260211C00616000,QQQ260211P00609000,2.81,0.29,310.0,0.28,0.74,-208.0,73,0.0,40.61,4.01,52.2,-15.6,91,14:30-16:00,617.39,612.04,9.38,1
2026-02-12,Thursday,0.25,618,611,QQQ260212C00618000,QQQ260212P00611000,0.58,0.87,145.0,0.03,4.73,331.0,68,0.0,21.46,-5.33,8.78,18.01,91,14:30-16:00,614.69,606.68,8.72,1
2026-02-13,Friday,0.25,605,598,QQQ260213C00605000,QQQ260213P00598000,1.31,2.31,362.0,1.25,0.98,-139.0,78,0.0,122.74,113.24,12.01,-2.51,91,14:30-16:00,600.4,602.33,7.85,1
2026-02-17,Tuesday,0.25,602,596,QQQ260217C00602000,QQQ260217P00596000,1.17,2.46,363.0,0.43,1.65,-155.0,80,0.0,61.78,42.35,-8.07,27.5,91,14:30-16:00,597.57,597.26,8.28,1
2026-02-18,Wednesday,0.25,608,602,QQQ260218C00608000,QQQ260218P00602000,0.44,3.27,371.0,1.86,0.19,-166.0,70,0.0,-99.73,-57.43,-11.73,-30.57,91,14:30-16:00,601.3,608.84,7.94,1
2026-02-19,Thursday,0.25,609,602,QQQ260219C00609000,QQQ260219P00602000,0.53,2.18,271.0,0.3,0.81,-160.0,76,0.0,-4.44,-14.92,23.7,-13.22,91,14:30-16:00,603.39,605.0,3.96,1
2026-02-20,Friday,0.25,610,603,QQQ260220C00610000,QQQ260220P00603000,0.17,4.39,456.0,1.4,0.34,-282.0,78,0.0,161.76,-39.32,189.24,11.84,91,14:30-16:00,600.43,609.52,9.43,1
2026-02-23,Monday,0.25,610,604,QQQ260223C00610000,QQQ260223P00604000,1.07,1.2,227.0,0.07,3.62,142.0,71,0.0,-7.71,-4.17,0.31,-3.85,91,14:30-16:00,607.37,601.04,6.67,1
2026-02-24,Tuesday,0.25,606,599,QQQ260224C00606000,QQQ260224P00599000,1.12,1.53,265.0,1.81,0.15,-69.0,71,0.0,-67.06,-22.3,-40.27,-4.49,91,14:30-16:00,602.58,606.73,7.37,1
2026-02-25,Wednesday,0.25,612,606,QQQ260225C00612000,QQQ260225P00606000,2.53,0.65,318.0,3.54,0.23,59.0,54,0.0,-34.68,10.34,-36.91,-8.11,91,14:30-16:00,612.33,614.64,3.23,1
2026-02-26,Thursday,0.25,620,613,QQQ260226C00620000,QQQ260226P00613000,0.48,2.17,265.0,0.02,5.74,311.0,69,0.0,-20.09,-47.25,75.47,-48.31,89,14:30-16:00,614.38,607.77,10.88,1
2026-02-27,Friday,0.25,613,606,QQQ260227C00613000,QQQ260227P00606000,0.22,4.4,462.0,0.1,1.25,-327.0,74,0.0,-80.41,-37.42,-29.24,-13.75,91,14:30-16:00,603.29,607.05,4.97,1
2026-03-02,Monday,0.25,602,596,QQQ260302C00602000,QQQ260302P00596000,1.96,1.73,369.0,3.94,0.16,41.0,66,0.0,-51.32,-38.98,11.43,-23.77,90,14:30-16:00,599.84,605.25,6.22,1
2026-03-03,Tuesday,0.25,599,593,QQQ260303C00599000,QQQ260303P00593000,2.75,1.34,409.0,0.56,1.8,-173.0,78,0.0,-39.97,-15.76,-12.56,-11.65,91,14:30-16:00,598.13,594.07,7.01,1
2026-03-04,Wednesday,0.25,604,597,QQQ260304C00604000,QQQ260304P00597000,4.02,0.49,451.0,6.94,0.07,250.0,68,0.0,-73.67,-55.12,17.85,-36.4,87,14:30-16:00,606.04,610.99,7.14,1
2026-03-05,Thursday,0.25,615,608,QQQ260305C00615000,QQQ260305P00608000,0.39,2.37,276.0,0.19,1.22,-135.0,79,0.0,-12.66,-51.02,48.47,-10.11,91,14:30-16:00,608.62,609.59,6.41,1
2026-03-06,Friday,0.25,611,604,QQQ260306C00611000,QQQ260306P00604000,0.39,5.74,613.0,0.27,1.77,-409.0,70,0.0,-102.18,-60.07,-42.44,0.33,91,14:30-16:00,600.26,604.89,6.43,1
2026-03-09,Monday,0.25,597,590,QQQ260309C00597000,QQQ260309P00590000,2.97,1.33,430.0,2.99,0.15,-116.0,111,0.0,-81.61,-92.85,17.37,-6.13,151,13:30-16:00,596.14,599.1,7.99,1
2026-03-10,Tuesday,0.25,614,607,QQQ260310C00614000,QQQ260310P00607000,0.62,1.73,235.0,0.35,0.37,-163.0,113,0.0,-32.6,25.18,-44.03,-13.75,151,13:30-16:00,609.14,611.15,6.63,1
2026-03-11,Wednesday,0.25,610,603,QQQ260311C00610000,QQQ260311P00603000,2.6,0.65,325.0,0.44,0.67,-214.0,119,0.0,-9.96,-23.05,-3.21,16.3,151,13:30-16:00,610.15,606.18,6.7,1
2026-03-12,Thursday,0.25,608,601,QQQ260312C00608000,QQQ260312P00601000,0.71,1.95,266.0,0.12,2.39,-15.0,114,0.0,12.11,-35.59,36.07,11.63,149,13:30-16:00,602.86,599.92,6.05,1
2026-03-13,Friday,0.25,600,594,QQQ260313C00600000,QQQ260313P00594000,2.68,0.71,339.0,0.32,1.84,-123.0,118,0.0,11.56,-20.48,-4.05,36.09,151,13:30-16:00,600.28,594.19,9.57,1
2026-03-16,Monday,0.25,600,593,QQQ260316C00600000,QQQ260316P00593000,2.2,0.61,281.0,1.87,0.13,-81.0,110,0.0,-34.75,-28.65,-9.79,3.69,149,13:30-16:00,599.84,600.79,3.17,1
2026-03-17,Tuesday,0.25,603,596,QQQ260317C00603000,QQQ260317P00596000,2.08,0.34,242.0,1.06,0.09,-127.0,112,0.0,-32.4,-28.09,-8.33,4.02,139,13:30-16:00,603.18,602.77,3.82,1
2026-03-18,Wednesday,0.25,611,604,QQQ260318C00611000,QQQ260318P00604000,0.08,4.01,409.0,0.03,3.92,-14.0,80,0.0,-7.53,-20.75,38.25,-25.03,111,13:30-15:59,601.39,600.78,4.26,1
2026-03-19,Thursday,0.25,596,589,QQQ260319C00596000,QQQ260319P00589000,0.42,3.44,386.0,0.12,0.81,-293.0,113,0.0,-57.29,-60.79,3.91,-0.41,151,13:30-16:00,588.15,590.81,5.91,1
2026-03-20,Friday,0.25,595,588,QQQ260320C00595000,QQQ260320P00588000,0.56,1.88,244.0,0.07,2.0,-37.0,104,0.0,-12.42,-11.24,-10.13,8.95,147,13:30-16:00,589.61,587.07,5.38,1
2026-03-23,Monday,0.25,580,574,QQQ260323C00580000,QQQ260323P00574000,10.31,0.12,1043.0,8.14,0.11,-218.0,41,0.0,60.76,23.5,14.22,23.04,58,13:30-15:59,589.94,587.73,7.41,1
2026-03-24,Tuesday,0.25,591,584,QQQ260324C00591000,QQQ260324P00584000,0.57,2.1,267.0,0.16,0.83,-168.0,124,0.0,29.27,-11.58,68.16,-27.31,151,13:30-16:00,585.03,586.02,5.81,1
2026-03-25,Wednesday,0.25,593,587,QQQ260325C00593000,QQQ260325P00587000,0.84,1.27,211.0,0.11,1.27,-73.0,122,0.0,0.35,-10.53,-9.16,20.04,151,13:30-16:00,589.7,587.63,5.42,1
2026-03-26,Thursday,0.25,585,579,QQQ260326C00585000,QQQ260326P00579000,0.96,1.29,225.0,0.26,0.63,-136.0,117,0.0,-44.78,6.13,-28.46,-22.45,151,13:30-16:00,581.42,581.05,4.15,1
2026-03-27,Friday,0.25,577,571,QQQ260327C00577000,QQQ260327P00571000,0.52,2.78,330.0,0.1,3.55,35.0,105,0.0,6.43,-24.76,7.76,23.43,140,13:30-16:00,570.58,568.04,4.57,1
2026-03-30,Monday,0.25,568,562,QQQ260330C00568000,QQQ260330P00562000,1.66,0.85,251.0,0.24,0.85,-142.0,123,0.0,-22.56,6.41,-17.4,-11.57,151,13:30-16:00,566.8,563.76,6.32,1
2026-03-31,Tuesday,0.25,566,560,QQQ260331C00566000,QQQ260331P00560000,1.99,0.81,280.0,1.71,0.27,-82.0,119,0.0,0.42,33.39,-28.17,-4.8,151,13:30-16:00,565.13,566.19,4.75,1
2026-04-01,Wednesday,0.25,584,577,QQQ260401C00584000,QQQ260401P00577000,1.09,0.86,195.0,3.23,0.06,134.0,113,0.0,0.1,2.63,18.6,-21.13,151,13:30-16:00,581.37,586.84,6.19,1
2026-04-02,Thursday,0.25,579,573,QQQ260402C00579000,QQQ260402P00573000,0.9,1.85,275.0,4.77,0.25,227.0,121,0.0,192.36,62.93,87.61,41.82,145,13:30-16:00,574.73,582.8,12.93,1
2026-04-06,Monday,0.25,593,586,QQQ260406C00593000,QQQ260406P00586000,0.57,1.81,238.0,0.09,0.71,-158.0,115,0.0,-53.61,-29.69,-7.86,-16.06,149,13:30-16:00,587.73,587.48,3.6,1
2026-04-07,Tuesday,0.25,593,586,QQQ260407C00593000,QQQ260407P00586000,0.4,2.71,311.0,0.16,4.16,121.0,96,0.0,20.03,-21.78,18.31,23.5,121,13:30-16:00,585.84,582.67,7.28,1
2026-04-08,Wednesday,0.25,613,606,QQQ260408C00613000,QQQ260408P00606000,0.49,1.48,197.0,0.05,1.14,-78.0,92,0.0,-77.2,-52.6,-14.18,-10.42,124,13:30-16:00,608.28,606.1,5.86,1
2026-04-09,Thursday,0.25,608,601,QQQ260409C00608000,QQQ260409P00601000,0.8,0.5,130.0,1.73,0.11,54.0,108,0.0,28.41,-24.46,-4.64,57.51,151,13:30-16:00,605.8,608.75,5.71,1
2026-04-10,Friday,0.25,613,606,QQQ260410C00613000,QQQ260410P00606000,1.17,0.32,149.0,0.33,0.24,-92.0,114,0.0,11.34,-13.3,10.27,14.37,151,13:30-16:00,612.12,610.43,3.27,1
2025-06-02,Monday,0.1,521,511,QQQ250602C00521000,QQQ250602P00511000,0.8,0.27,107.0,0.99,0.03,-5.0,104,0.0,3.87,10.69,-1.79,-5.03,141,13:30-16:00,518.24,520.71,5.15,1
2025-06-03,Tuesday,0.1,527,516,QQQ250603C00527000,QQQ250603P00516000,0.68,0.09,77.0,0.91,0.02,16.0,82,0.0,-27.42,-7.13,-14.93,-5.36,128,13:30-16:00,524.57,526.95,3.9,1
2025-06-04,Wednesday,0.1,534,523,QQQ250604C00534000,QQQ250604P00523000,0.1,0.32,42.0,0.02,0.09,-31.0,51,0.0,-11.16,-7.05,-4.0,-0.11,134,13:30-16:00,528.37,528.67,3.14,1
2025-06-05,Thursday,0.1,535,524,QQQ250605C00535000,QQQ250605P00524000,0.52,0.39,91.0,0.4,0.05,-46.0,86,0.0,-26.15,-4.38,-4.18,-17.59,149,13:30-16:00,530.67,532.7,5.25,1
2025-06-06,Friday,0.1,533,522,QQQ250606C00533000,QQQ250606P00522000,0.51,0.19,70.0,0.21,0.09,-40.0,77,0.0,-12.12,-12.48,-12.13,12.49,125,13:30-16:00,529.83,530.37,2.44,1
2025-06-09,Monday,0.1,535,525,QQQ250609C00535000,QQQ250609P00525000,0.21,0.34,55.0,0.08,0.07,-40.0,55,0.0,-29.51,-23.84,-2.48,-3.19,143,13:30-16:00,530.38,531.07,3.01,1
2025-06-10,Tuesday,0.1,537,526,QQQ250610C00537000,QQQ250610P00526000,0.12,0.24,36.0,0.06,0.1,-20.0,48,0.0,-2.27,-10.11,-4.01,11.85,135,13:30-16:00,531.66,532.09,2.78,1
2025-06-11,Wednesday,0.1,539,528,QQQ250611C00539000,QQQ250611P00528000,0.39,0.17,56.0,0.08,0.07,-41.0,63,0.0,-14.12,-11.5,0.64,-3.26,136,13:30-16:00,535.57,535.26,3.4,1
2025-06-12,Thursday,0.1,536,525,QQQ250612C00536000,QQQ250612P00525000,0.25,0.25,50.0,0.22,0.07,-21.0,76,0.0,-6.16,-13.73,-0.06,7.63,142,13:30-16:00,531.83,533.6,3.17,1
2025-06-13,Friday,0.1,531,521,QQQ250613C00531000,QQQ250613P00521000,0.95,0.3,125.0,1.27,0.07,9.0,105,0.0,-18.41,-19.77,-0.79,2.15,142,13:30-16:00,528.67,531.19,5.19,1
2025-06-16,Monday,0.1,535,524,QQQ250616C00535000,QQQ250616P00524000,0.23,0.14,37.0,0.6,0.07,30.0,72,0.0,9.62,4.86,2.97,1.79,103,13:30-15:55,531.61,534.24,3.72,1
2025-06-17,Tuesday,0.1,537,526,QQQ250617C00537000,QQQ250617P00526000,0.14,0.18,32.0,0.04,0.07,-21.0,39,0.0,-11.92,-9.89,-0.11,-1.92,132,13:30-16:00,532.42,532.72,2.24,1
2025-06-18,Wednesday,0.1,537,526,QQQ250618C00537000,QQQ250618P00526000,0.1,0.92,102.0,0.13,0.53,-36.0,56,0.0,-1.95,-27.36,9.94,15.47,136,13:30-16:00,529.83,530.93,3.84,1
2025-06-20,Friday,0.1,533,522,QQQ250620C00533000,QQQ250620P00522000,1.56,0.11,167.0,0.08,0.28,-131.0,84,0.0,-1.42,-34.04,41.51,-8.89,151,13:30-16:00,532.52,526.85,8.1,1
2025-06-23,Monday,0.1,533,522,QQQ250623C00533000,QQQ250623P00522000,0.06,0.61,67.0,0.04,0.16,-47.0,66,0.0,-5.71,-3.22,-5.94,3.45,148,13:30-16:00,526.29,528.4,5.41,1
2025-06-24,Tuesday,0.1,544,533,QQQ250624C00544000,QQQ250624P00533000,0.03,0.52,55.0,0.02,0.1,-43.0,38,0.0,-12.07,-7.73,-5.47,1.13,108,13:30-15:59,536.7,538.68,2.62,1
2025-06-25,Wednesday,0.1,546,535,QQQ250625C00546000,QQQ250625P00535000,0.17,0.09,26.0,0.03,0.09,-14.0,62,0.0,-4.56,2.92,-5.05,-2.43,138,13:30-16:00,542.48,540.91,2.83,1
2025-06-26,Thursday,0.1,549,538,QQQ250626C00549000,QQQ250626P00538000,0.04,0.16,20.0,0.02,0.07,-11.0,32,0.0,-0.07,4.03,-2.35,-1.75,90,13:30-15:59,543.45,544.71,3.17,1
2025-06-27,Friday,0.1,554,542,QQQ250627C00554000,QQQ250627P00542000,0.02,0.2,22.0,0.02,0.05,-15.0,29,0.0,-3.92,-2.67,0.44,-1.69,102,13:30-15:58,547.41,549.77,2.79,1
2025-06-30,Monday,0.1,558,546,QQQ250630C00558000,QQQ250630P00546000,0.04,0.22,26.0,0.01,0.11,-14.0,29,0.0,-11.61,-2.88,-3.21,-5.52,78,13:30-15:56,551.16,550.54,1.66,1
2025-07-01,Tuesday,0.1,556,545,QQQ250701C00556000,QQQ250701P00545000,0.05,0.28,33.0,0.02,0.61,30.0,64,0.0,7.31,-12.78,6.56,13.53,119,13:30-15:55,549.77,546.34,5.8,1
2025-07-02,Wednesday,0.1,553,542,QQQ250702C00553000,QQQ250702P00542000,0.06,0.35,41.0,0.08,0.04,-29.0,49,0.0,-10.58,-8.77,1.45,-3.26,133,13:30-16:00,546.39,550.2,4.44,1
2025-07-03,Thursday,0.1,557,546,QQQ250703C00557000,QQQ250703P00546000,0.13,0.05,18.0,0.44,0.02,28.0,77,0.0,-15.82,0.72,-6.05,-10.49,111,13:30-16:00,554.09,556.94,3.73,1
2025-07-07,Monday,0.1,559,547,QQQ250707C00559000,QQQ250707P00547000,0.1,0.13,23.0,0.03,0.05,-15.0,29,0.0,-12.05,-3.4,-3.26,-5.39,101,13:30-16:00,554.16,553.49,2.05,1
2025-07-08,Tuesday,0.1,559,548,QQQ250708C00559000,QQQ250708P00548000,0.04,0.17,21.0,0.01,0.08,-12.0,42,0.0,-1.54,-3.72,0.02,2.16,100,13:30-15:57,553.32,552.62,2.31,1
2025-07-09,Wednesday,0.1,559,548,QQQ250709C00559000,QQQ250709P00548000,0.11,0.07,18.0,0.04,0.08,-6.0,65,0.0,10.39,-0.16,10.77,-0.22,134,13:30-15:58,555.08,553.93,4.27,1
2025-07-10,Thursday,0.1,561,550,QQQ250710C00561000,QQQ250710P00550000,0.14,0.1,24.0,0.03,0.07,-14.0,51,0.0,-1.04,8.37,-10.3,0.89,117,13:30-16:00,557.06,555.54,4.02,1
2025-07-11,Friday,0.1,559,547,QQQ250711C00559000,QQQ250711P00547000,0.1,0.18,28.0,0.04,0.05,-19.0,38,0.0,-14.16,-11.97,-3.34,1.15,114,13:30-15:59,553.92,554.71,3.08,1
2025-07-14,Monday,0.1,558,547,QQQ250714C00558000,QQQ250714P00547000,0.11,0.08,19.0,0.08,0.02,-9.0,54,0.0,0.73,1.99,-1.44,0.18,120,13:30-15:59,554.21,555.58,3.82,1
2025-07-15,Tuesday,0.1,565,554,QQQ250715C00565000,QQQ250715P00554000,0.1,0.11,21.0,0.02,0.06,-13.0,44,0.0,-2.04,-1.74,3.94,-4.24,131,13:30-16:00,560.42,559.34,2.57,1
2025-07-16,Wednesday,0.1,561,549,QQQ250716C00561000,QQQ250716P00549000,0.16,0.05,21.0,0.03,0.08,-10.0,60,0.0,21.77,1.24,2.01,18.52,126,13:30-16:00,557.12,555.21,5.25,1
2025-07-17,Thursday,0.1,564,553,QQQ250717C00564000,QQQ250717P00553000,0.05,0.2,25.0,0.11,0.04,-10.0,41,0.0,-2.97,0.23,4.46,-7.66,138,13:30-16:00,558.12,561.51,4.21,1
2025-07-18,Friday,0.1,569,557,QQQ250718C00569000,QQQ250718P00557000,0.03,0.18,21.0,0.01,0.06,-14.0,32,0.0,-13.26,-6.57,-2.82,-3.87,94,13:30-16:00,562.54,561.78,2.71,1
2025-07-21,Monday,0.1,569,557,QQQ250721C00569000,QQQ250721P00557000,0.02,0.09,11.0,0.03,0.04,-4.0,28,0.0,3.94,6.17,-1.21,-1.02,107,13:30-16:00,562.7,564.92,3.29,1
2025-07-22,Tuesday,0.1,568,557,QQQ250722C00568000,QQQ250722P00557000,0.08,0.07,15.0,0.01,0.11,-3.0,56,0.0,2.35,14.4,-8.24,-3.81,103,13:30-15:58,563.66,561.02,4.83,1
2025-07-23,Wednesday,0.1,568,557,QQQ250723C00568000,QQQ250723P00557000,0.06,0.42,48.0,0.04,0.13,-31.0,50,0.0,-16.83,-10.3,-10.92,4.39,115,13:30-16:00,561.42,561.96,3.13,1
2025-07-24,Thursday,0.1,572,560,QQQ250724C00572000,QQQ250724P00560000,0.06,0.16,22.0,0.01,0.07,-14.0,20,0.0,-8.09,-2.39,-6.07,0.37,54,13:30-16:00,565.52,565.19,2.28,1
2025-07-25,Friday,0.1,571,560,QQQ250725C00571000,QQQ250725P00560000,0.02,0.18,20.0,0.01,0.05,-14.0,20,0.0,-6.48,-3.91,-1.69,-0.88,107,13:30-15:55,564.85,566.38,2.16,1
2025-07-28,Monday,0.1,575,563,QQQ250728C00575000,QQQ250728P00563000,0.01,0.17,18.0,0.01,0.03,-14.0,25,0.0,-8.78,-6.5,-3.26,0.98,103,13:30-15:56,568.08,568.3,2.06,1
2025-07-29,Tuesday,0.1,576,565,QQQ250729C00576000,QQQ250729P00565000,0.02,0.06,8.0,0.01,0.11,4.0,41,0.0,13.63,1.42,-3.01,15.22,106,13:30-16:00,571.37,568.67,4.98,1
2025-07-30,Wednesday,0.1,574,562,QQQ250730C00574000,QQQ250730P00562000,0.14,0.38,52.0,0.16,0.14,-22.0,39,0.0,-7.33,-5.46,-2.01,0.14,127,13:30-16:00,567.75,569.03,1.96,1
2025-07-31,Thursday,0.1,582,570,QQQ250731C00582000,QQQ250731P00570000,0.03,0.76,79.0,0.01,1.09,31.0,63,0.0,-7.02,-16.61,7.25,2.34,87,13:30-16:00,573.38,570.75,4.89,1
2025-08-01,Friday,0.1,565,554,QQQ250801C00565000,QQQ250801P00554000,0.22,0.95,117.0,0.05,0.41,-71.0,99,0.0,5.17,26.05,3.83,-24.71,137,13:30-16:00,557.7,557.09,6.56,1
2025-08-04,Monday,0.1,564,553,QQQ250804C00564000,QQQ250804P00553000,0.15,0.29,44.0,0.57,0.06,19.0,86,0.0,-11.29,-4.91,-5.93,-0.45,132,13:30-16:00,559.2,563.15,3.95,1
2025-08-05,Tuesday,0.1,571,560,QQQ250805C00571000,QQQ250805P00560000,0.06,0.43,49.0,0.01,0.89,41.0,81,0.0,14.8,-6.37,10.35,10.82,121,13:30-16:00,564.36,560.87,6.68,1
2025-08-06,Wednesday,0.1,566,555,QQQ250806C00566000,QQQ250806P00555000,0.12,0.29,41.0,0.75,0.03,37.0,114,0.0,18.92,10.86,5.97,2.09,147,13:30-16:00,561.04,565.72,5.43,1
2025-08-07,Thursday,0.1,577,565,QQQ250807C00577000,QQQ250807P00565000,0.07,0.23,30.0,0.01,0.21,-8.0,73,0.0,6.2,7.54,2.92,-4.26,134,13:30-15:58,571.36,569.29,4.23,1
2025-08-08,Friday,0.1,577,565,QQQ250808C00577000,QQQ250808P00565000,0.05,0.2,25.0,0.05,0.05,-15.0,50,0.0,-5.71,2.98,-2.91,-5.78,137,13:30-16:00,570.95,573.69,3.66,1
2025-08-11,Monday,0.1,581,569,QQQ250811C00581000,QQQ250811P00569000,0.05,0.19,24.0,0.02,0.03,-19.0,31,0.0,-13.28,-5.27,-4.23,-3.78,95,13:30-16:00,574.81,575.78,1.98,1
2025-08-12,Tuesday,0.1,579,567,QQQ250812C00579000,QQQ250812P00567000,0.27,0.11,38.0,0.55,0.03,20.0,96,0.0,16.32,15.9,-3.45,3.87,139,13:30-15:59,575.3,578.4,5.77,1
2025-08-13,Wednesday,0.1,587,575,QQQ250813C00587000,QQQ250813P00575000,0.07,0.1,17.0,0.02,0.1,-5.0,41,0.0,-0.09,1.88,-2.28,0.31,124,13:30-15:57,582.43,579.83,3.94,1
2025-08-14,Thursday,0.1,586,574,QQQ250814C00586000,QQQ250814P00574000,0.03,0.54,57.0,0.01,0.11,-45.0,44,0.0,-7.71,-1.72,-2.67,-3.32,130,13:30-16:00,578.04,579.99,3.75,1
2025-08-15,Friday,0.1,585,573,QQQ250815C00585000,QQQ250815P00573000,0.09,0.38,47.0,0.01,0.17,-29.0,63,0.0,-14.68,-13.65,-7.13,6.1,137,13:30-15:58,578.65,577.06,3.31,1
2025-08-18,Monday,0.1,582,570,QQQ250818C00582000,QQQ250818P00570000,0.1,0.11,21.0,0.01,0.04,-16.0,37,0.0,-7.3,-6.57,1.96,-2.69,125,13:30-16:00,577.22,576.01,2.3,1
2025-08-19,Tuesday,0.1,583,571,QQQ250819C00583000,QQQ250819P00571000,0.02,0.13,15.0,0.01,0.82,68.0,60,0.0,8.53,0.56,14.13,-6.16,83,13:30-15:58,576.2,571.38,5.7,1
2025-08-20,Wednesday,0.1,574,563,QQQ250820C00574000,QQQ250820P00563000,0.08,0.58,66.0,0.02,1.65,101.0,104,0.0,18.5,27.66,-4.21,-4.95,127,13:30-16:00,567.33,562.31,8.72,1
2025-08-21,Thursday,0.1,572,560,QQQ250821C00572000,QQQ250821P00560000,0.05,0.97,102.0,0.01,0.56,-45.0,80,0.0,19.71,15.65,-7.66,11.72,136,13:30-16:00,562.91,562.65,3.96,1
2025-08-22,Friday,0.1,570,558,QQQ250822C00570000,QQQ250822P00558000,0.51,1.28,179.0,2.62,0.04,87.0,97,0.0,39.6,76.55,-28.47,-8.48,124,13:30-16:00,563.36,572.06,10.57,1
2025-08-25,Monday,0.1,576,564,QQQ250825C00576000,QQQ250825P00564000,0.08,0.15,23.0,0.05,0.03,-15.0,41,0.0,-6.78,-1.38,-2.31,-3.09,125,13:30-15:59,570.42,572.91,3.94,1
2025-08-26,Tuesday,0.1,576,564,QQQ250826C00576000,QQQ250826P00564000,0.04,0.21,25.0,0.03,0.03,-19.0,31,0.0,-4.13,-3.53,-1.12,0.52,99,13:30-15:55,569.81,570.96,2.7,1
2025-08-27,Wednesday,0.1,579,567,QQQ250827C00579000,QQQ250827P00567000,0.14,0.69,83.0,0.17,0.25,-41.0,57,0.0,-14.99,-4.16,-2.32,-8.51,142,13:30-16:00,571.44,573.49,3.12,1
2025-08-28,Thursday,0.1,580,568,QQQ250828C00580000,QQQ250828P00568000,0.25,0.16,41.0,0.03,0.06,-32.0,72,0.0,12.33,15.59,-6.38,3.12,139,13:30-16:00,575.68,575.16,4.11,1
2025-08-29,Friday,0.1,581,569,QQQ250829C00581000,QQQ250829P00569000,0.05,0.29,34.0,0.02,0.95,63.0,81,0.0,-10.81,15.41,-8.81,-17.41,119,13:30-16:00,574.59,569.47,5.69,1
2025-09-02,Tuesday,0.1,573,561,QQQ250902C00573000,QQQ250902P00561000,0.01,2.57,258.0,0.02,1.65,-91.0,85,0.0,-24.09,-12.75,-3.56,-7.78,120,13:30-16:00,560.25,560.36,5.66,1
2025-09-03,Wednesday,0.1,575,563,QQQ250903C00575000,QQQ250903P00563000,0.08,0.27,35.0,0.01,0.08,-26.0,42,0.0,-7.59,-6.29,0.44,-1.74,140,13:30-16:00,568.99,569.05,3.59,1
2025-09-04,Thursday,0.1,577,566,QQQ250904C00577000,QQQ250904P00566000,0.08,0.52,60.0,0.03,0.11,-46.0,56,0.0,-10.24,-6.47,0.31,-4.08,118,13:30-15:59,570.47,572.12,3.37,1
2025-09-05,Friday,0.1,584,573,QQQ250905C00584000,QQQ250905P00573000,0.25,0.23,48.0,0.02,0.87,41.0,102,0.0,42.16,-3.13,43.28,2.01,130,13:30-15:59,579.96,574.27,9.06,1
2025-09-08,Monday,0.1,584,572,QQQ250908C00584000,QQQ250908P00572000,0.04,0.18,22.0,0.03,0.02,-17.0,38,0.0,-6.94,-1.97,-3.41,-1.56,119,13:30-16:00,578.45,580.22,2.34,1
2025-09-09,Tuesday,0.1,586,574,QQQ250909C00586000,QQQ250909P00574000,0.04,0.23,27.0,0.01,0.04,-22.0,41,0.0,-15.13,-5.95,-2.6,-6.58,86,13:30-15:54,579.46,578.94,2.81,1
2025-09-10,Wednesday,0.1,587,575,QQQ250910C00587000,QQQ250910P00575000,0.1,0.15,25.0,0.01,0.02,-22.0,30,0.0,-16.46,-11.89,-1.65,-2.92,127,13:30-16:00,582.39,582.38,1.68,1
2025-09-11,Thursday,0.1,588,576,QQQ250911C00588000,QQQ250911P00576000,0.1,0.18,28.0,0.03,0.08,-17.0,36,0.0,-5.51,-6.42,0.04,0.87,129,13:30-16:00,583.32,584.48,3.11,1
2025-09-12,Friday,0.1,590,578,QQQ250912C00590000,QQQ250912P00578000,0.05,0.13,18.0,0.01,0.03,-14.0,27,0.0,-11.77,-8.79,-1.48,-1.5,106,13:30-15:53,585.19,586.15,2.51,1
2025-09-15,Monday,0.1,593,580,QQQ250915C00593000,QQQ250915P00580000,0.04,0.06,10.0,0.05,0.04,-1.0,37,0.0,-6.37,0.85,-3.47,-3.75,119,13:30-16:00,588.72,590.86,2.33,1
2025-09-16,Tuesday,0.1,600,588,QQQ250916C00600000,QQQ250916P00588000,0.02,0.22,24.0,0.01,0.15,-8.0,43,0.0,-18.07,-10.64,-2.47,-4.96,92,13:30-15:48,592.51,590.78,2.02,1
2025-09-18,Thursday,0.1,602,590,QQQ250918C00602000,QQQ250918P00590000,0.05,0.48,53.0,0.01,0.09,-43.0,45,0.0,-5.28,-3.85,-4.4,2.97,129,13:30-16:00,594.37,596.28,4.66,1
2025-09-19,Friday,0.1,602,590,QQQ250919C00602000,QQQ250919P00590000,0.17,0.23,40.0,0.04,0.05,-31.0,22,0.0,-28.64,-20.76,-6.51,-1.37,137,13:30-16:00,597.32,597.54,2.27,1
2025-09-22,Monday,0.1,603,591,QQQ250922C00603000,QQQ250922P00591000,0.05,0.09,14.0,0.03,0.02,-9.0,26,0.0,-9.38,-6.52,-1.31,-1.55,95,13:30-16:00,598.09,600.31,2.62,1
2025-09-23,Tuesday,0.1,609,596,QQQ250923C00609000,QQQ250923P00596000,0.02,0.13,15.0,0.01,0.09,-5.0,14,0.0,-7.94,-4.36,-3.43,-0.15,63,13:30-15:43,602.21,600.93,1.67,1
2025-09-24,Wednesday,0.1,606,594,QQQ250924C00606000,QQQ250924P00594000,0.02,0.25,27.0,0.01,1.01,75.0,50,0.0,2.27,-9.39,-5.63,17.29,81,13:30-16:00,599.17,594.53,4.64,1
2025-09-25,Thursday,0.1,602,590,QQQ250925C00602000,QQQ250925P00590000,0.01,1.24,125.0,0.01,0.16,-108.0,78,0.0,6.83,1.93,1.48,3.42,131,13:30-15:59,591.36,594.66,6.45,1
2025-09-26,Friday,0.1,599,587,QQQ250926C00599000,QQQ250926P00587000,0.13,0.36,49.0,0.02,0.13,-34.0,80,0.0,4.06,8.58,-3.19,-1.33,144,13:30-16:00,593.21,592.38,4.77,1
2025-09-29,Monday,0.1,606,594,QQQ250929C00606000,QQQ250929P00594000,0.02,0.25,27.0,0.01,0.07,-19.0,34,0.0,-12.25,-3.04,-5.54,-3.67,115,13:30-16:00,599.22,599.1,3.12,1
2025-09-30,Tuesday,0.1,605,592,QQQ250930C00605000,QQQ250930P00592000,0.03,0.26,29.0,0.01,0.06,-22.0,44,0.0,-12.9,-8.68,-0.78,-3.44,97,13:30-16:00,598.12,598.24,2.92,1
2025-10-01,Wednesday,0.1,603,591,QQQ251001C00603000,QQQ251001P00591000,0.05,0.34,39.0,0.19,0.03,-17.0,68,0.0,-5.62,0.87,-2.39,-4.1,123,13:30-16:00,596.77,601.43,4.83,1
2025-10-02,Thursday,0.1,612,599,QQQ251002C00612000,QQQ251002P00599000,0.05,0.12,17.0,0.02,0.09,-6.0,30,0.0,-6.28,-7.05,5.25,-4.48,69,13:30-15:57,606.5,604.98,3.35,1
2025-10-03,Friday,0.1,614,601,QQQ251003C00614000,QQQ251003P00601000,0.01,0.27,28.0,0.01,0.05,-22.0,24,0.0,-12.29,-3.02,-7.27,-2.0,52,13:30-15:57,606.38,606.82,2.28,1
2025-10-06,Monday,0.1,613,600,QQQ251006C00613000,QQQ251006P00600000,0.06,0.13,19.0,0.01,0.02,-16.0,19,0.0,-13.84,-6.73,-4.49,-2.62,104,13:30-16:00,608.07,608.31,2.1,1
2025-10-07,Tuesday,0.1,614,602,QQQ251007C00614000,QQQ251007P00602000,0.05,0.11,16.0,0.01,0.44,29.0,47,0.0,4.47,-8.14,0.46,12.15,116,13:30-16:00,608.89,604.62,6.45,1
2025-10-08,Wednesday,0.1,612,599,QQQ251008C00612000,QQQ251008P00599000,0.03,0.15,18.0,0.05,0.03,-10.0,38,0.0,-3.91,0.89,-2.68,-2.12,133,13:30-16:00,605.67,609.46,3.98,1
2025-10-09,Thursday,0.1,618,605,QQQ251009C00618000,QQQ251009P00605000,0.02,0.17,19.0,0.01,0.09,-9.0,34,0.0,-3.49,0.17,-9.42,5.76,76,13:30-15:57,611.28,610.1,3.03,1
2025-10-10,Friday,0.1,617,605,QQQ251010C00617000,QQQ251010P00605000,0.04,0.18,22.0,0.01,6.5,629.0,59,0.0,123.71,-3.13,131.71,-4.87,126,13:30-16:00,611.47,598.8,16.41,1
2025-10-13,Monday,0.1,607,594,QQQ251013C00607000,QQQ251013P00594000,0.21,0.84,105.0,0.04,0.17,-84.0,80,0.0,-22.47,-15.28,11.74,-18.93,138,13:30-16:00,599.57,601.1,4.3,1
2025-10-14,Tuesday,0.1,602,590,QQQ251014C00602000,QQQ251014P00590000,0.3,1.29,159.0,0.5,0.19,-90.0,101,0.0,-33.6,-26.37,-7.63,0.4,151,13:30-16:00,594.49,599.29,9.45,1
2025-10-15,Wednesday,0.1,609,597,QQQ251015C00609000,QQQ251015P00597000,0.17,0.54,71.0,0.08,0.35,-28.0,81,0.0,-14.0,2.64,-7.09,-9.55,148,13:30-16:00,603.41,602.96,5.45,1
2025-10-16,Thursday,0.1,611,599,QQQ251016C00611000,QQQ251016P00599000,0.29,0.63,92.0,0.08,0.98,14.0,104,0.0,62.43,21.08,4.14,37.21,151,13:30-16:00,605.72,602.82,5.33,1
2025-10-17,Friday,0.1,599,587,QQQ251017C00599000,QQQ251017P00587000,2.42,0.76,318.0,3.55,0.16,53.0,108,0.0,-13.38,17.61,4.38,-35.37,147,13:30-16:00,597.21,601.28,6.46,1
2025-10-20,Monday,0.1,613,600,QQQ251020C00613000,QQQ251020P00600000,0.26,0.36,62.0,0.49,0.08,-5.0,77,0.0,-28.53,-32.57,-0.65,4.69,140,13:30-16:00,608.48,611.92,3.94,1
2025-10-21,Tuesday,0.1,618,605,QQQ251021C00618000,QQQ251021P00605000,0.06,0.34,40.0,0.01,0.1,-29.0,45,0.0,-11.83,-3.26,-6.13,-2.44,97,13:30-16:00,611.31,612.24,2.88,1
2025-10-22,Wednesday,0.1,617,604,QQQ251022C00617000,QQQ251022P00604000,0.05,0.51,56.0,0.01,0.64,9.0,73,0.0,7.42,-17.07,5.08,19.41,116,13:30-16:00,609.67,606.54,6.44,1
2025-10-23,Thursday,0.1,612,599,QQQ251023C00612000,QQQ251023P00599000,0.13,0.56,69.0,0.13,0.07,-49.0,82,0.0,-25.52,-7.89,-7.62,-10.01,139,13:30-16:00,605.09,609.13,4.51,1
2025-10-24,Friday,0.1,620,608,QQQ251024C00620000,QQQ251024P00608000,0.18,0.31,49.0,0.1,0.09,-30.0,81,0.0,-12.18,-8.39,-2.26,-1.53,142,13:30-16:00,615.27,617.6,2.57,1
2025-10-27,Monday,0.1,631,618,QQQ251027C00631000,QQQ251027P00618000,0.06,0.26,32.0,0.02,0.1,-20.0,26,0.0,-8.73,-9.13,-1.32,1.72,104,13:30-16:00,625.23,626.56,2.4,1
2025-10-28,Tuesday,0.1,635,622,QQQ251028C00635000,QQQ251028P00622000,0.2,0.2,40.0,0.03,0.09,-28.0,40,0.0,-16.1,-5.43,-6.17,-4.5,122,13:30-16:00,630.79,630.67,2.0,1
2025-10-29,Wednesday,0.1,641,628,QQQ251029C00641000,QQQ251029P00628000,0.81,0.71,152.0,0.82,1.01,31.0,58,0.0,56.55,29.35,2.02,25.18,151,13:30-16:00,635.66,634.86,2.21,1
2025-10-30,Thursday,0.1,642,628,QQQ251030C00642000,QQQ251030P00628000,0.14,1.77,191.0,0.02,1.79,-10.0,68,0.0,-35.48,-5.71,-13.29,-16.48,104,13:30-16:00,631.23,629.0,4.89,1
2025-10-31,Friday,0.1,641,627,QQQ251031C00641000,QQQ251031P00627000,0.09,0.45,54.0,0.01,0.57,4.0,57,0.0,-4.1,-5.82,-13.13,14.85,118,13:30-15:59,633.71,630.59,3.12,1
2025-11-03,Monday,0.1,640,627,QQQ251103C00640000,QQQ251103P00627000,0.25,0.23,48.0,0.02,0.47,1.0,51,0.0,-8.28,0.3,2.09,-10.67,88,14:30-16:00,635.42,631.29,5.59,1
2025-11-04,Tuesday,0.1,630,617,QQQ251104C00630000,QQQ251104P00617000,0.3,0.67,97.0,0.14,0.15,-68.0,56,0.0,-25.28,-7.99,-14.45,-2.84,91,14:30-16:00,622.98,625.03,5.18,1
2025-11-05,Wednesday,0.1,624,611,QQQ251105C00624000,QQQ251105P00611000,0.53,0.42,95.0,0.87,0.08,-0.0,64,0.0,-24.77,-22.97,-3.39,1.59,84,14:30-15:59,619.19,622.81,5.58,1
2025-11-06,Thursday,0.1,630,617,QQQ251106C00630000,QQQ251106P00617000,0.07,0.92,99.0,0.02,4.62,365.0,63,0.0,65.85,1.55,4.65,59.65,85,14:30-16:00,621.26,613.29,8.86,1
2025-11-07,Friday,0.1,619,606,QQQ251107C00619000,QQQ251107P00606000,0.09,2.69,278.0,0.02,4.71,195.0,57,0.0,-12.69,-8.93,-6.41,2.65,79,14:30-16:00,606.81,602.04,6.31,1
2025-11-10,Monday,0.1,625,613,QQQ251110C00625000,QQQ251110P00613000,0.21,0.49,70.0,0.04,0.39,-27.0,40,0.0,2.18,-24.2,-7.51,33.89,87,14:30-16:00,619.49,618.07,3.83,1
2025-11-11,Tuesday,0.1,628,615,QQQ251111C00628000,QQQ251111P00615000,0.1,0.35,45.0,0.02,0.41,-2.0,44,0.0,-13.91,-18.92,0.79,4.22,78,14:30-16:00,620.94,618.54,3.41,1
2025-11-12,Wednesday,0.1,632,619,QQQ251112C00632000,QQQ251112P00619000,0.06,0.46,52.0,0.01,1.61,110.0,47,0.0,25.47,14.44,6.55,4.48,63,14:30-16:00,623.8,619.3,4.85,1
2025-11-13,Thursday,0.1,626,613,QQQ251113C00626000,QQQ251113P00613000,0.08,1.04,112.0,0.03,2.28,119.0,66,0.0,4.71,-16.85,5.03,16.53,84,14:30-16:00,617.07,612.45,6.55,1
2025-11-14,Friday,0.1,612,599,QQQ251114C00612000,QQQ251114P00599000,0.2,3.56,376.0,1.3,0.26,-220.0,69,0.0,-32.52,-14.7,25.51,-43.33,91,14:30-16:00,598.94,609.65,12.81,1
2025-11-17,Monday,0.1,620,608,QQQ251117C00620000,QQQ251117P00608000,0.04,4.48,452.0,0.03,1.94,-255.0,67,0.0,-37.18,-46.26,13.31,-4.23,90,14:30-16:00,605.54,608.39,6.85,1
2025-11-18,Tuesday,0.1,608,595,QQQ251118C00608000,QQQ251118P00595000,0.45,1.42,187.0,0.09,3.71,193.0,73,0.0,145.85,78.45,32.96,34.44,91,14:30-16:00,600.01,593.61,8.48,1
2025-11-19,Wednesday,0.1,604,592,QQQ251119C00604000,QQQ251119P00592000,1.1,2.09,319.0,1.64,0.6,-95.0,57,0.0,-21.07,-50.07,-11.88,40.88,91,14:30-16:00,596.86,601.09,9.51,1
2025-11-20,Thursday,0.1,615,602,QQQ251120C00615000,QQQ251120P00602000,0.97,0.63,160.0,0.33,0.45,-82.0,62,0.0,-9.72,-9.99,-21.41,21.68,91,14:30-16:00,610.85,609.7,4.29,1
2025-11-21,Friday,0.1,592,580,QQQ251121C00592000,QQQ251121P00580000,2.55,1.56,411.0,0.61,2.26,-124.0,68,0.0,53.75,-1.48,25.18,30.05,91,14:30-16:00,588.57,583.2,8.16,1
2025-11-24,Monday,0.1,598,586,QQQ251124C00598000,QQQ251124P00586000,1.73,0.55,228.0,4.25,0.12,209.0,60,0.0,1.02,26.9,-22.84,-3.04,85,14:30-15:59,595.8,601.47,6.5,1
2025-11-25,Tuesday,0.1,609,597,QQQ251125C00609000,QQQ251125P00597000,0.32,0.83,115.0,0.08,0.48,-59.0,60,0.0,24.78,2.82,20.27,1.69,91,14:30-16:00,602.8,602.44,5.83,1
2025-11-26,Wednesday,0.1,617,605,QQQ251126C00617000,QQQ251126P00605000,0.39,0.31,70.0,0.19,0.14,-37.0,55,0.0,-8.55,6.41,-7.03,-7.93,91,14:30-16:00,612.99,613.77,3.03,1
2025-11-28,Friday,0.1,623,610,QQQ251128C00623000,QQQ251128P00610000,0.05,0.3,35.0,0.01,0.04,-30.0,30,0.0,-20.38,-6.59,-10.98,-2.81,81,14:30-16:00,616.27,617.24,1.83,1
2025-12-01,Monday,0.1,621,609,QQQ251201C00621000,QQQ251201P00609000,0.24,0.66,90.0,0.2,0.12,-58.0,52,0.0,-37.99,-17.71,-0.04,-20.24,91,14:30-16:00,614.24,617.31,4.76,1
2025-12-02,Tuesday,0.1,624,612,QQQ251202C00624000,QQQ251202P00612000,0.25,0.26,51.0,0.72,0.07,28.0,60,0.0,-4.03,4.7,11.2,-19.93,87,14:30-16:00,619.09,622.93,4.46,1
2025-12-03,Wednesday,0.1,629,616,QQQ251203C00629000,QQQ251203P00616000,0.03,1.35,138.0,0.02,0.27,-109.0,49,0.0,-28.93,-21.74,-7.9,0.71,82,14:30-16:00,619.22,621.43,3.7,1
2025-12-04,Thursday,0.1,630,617,QQQ251204C00630000,QQQ251204P00617000,0.09,0.31,40.0,0.02,0.37,-1.0,47,0.0,8.46,12.66,-4.56,0.36,85,14:30-16:00,623.92,621.48,3.46,1
2025-12-05,Friday,0.1,632,619,QQQ251205C00632000,QQQ251205P00619000,0.07,0.38,45.0,0.04,0.15,-26.0,41,0.0,5.73,3.9,-7.81,9.64,88,14:30-16:00,625.64,626.34,4.09,1
2025-12-08,Monday,0.1,634,621,QQQ251208C00634000,QQQ251208P00621000,0.04,0.26,30.0,0.02,0.49,21.0,35,0.0,1.17,-7.89,-4.08,13.14,73,14:30-15:59,627.95,624.06,4.43,1
2025-12-09,Tuesday,0.1,631,618,QQQ251209C00631000,QQQ251209P00618000,0.03,0.54,57.0,0.01,0.08,-48.0,26,0.0,-27.04,-18.1,-3.82,-5.12,70,14:30-15:59,622.65,624.64,2.76,1
2025-12-10,Wednesday,0.1,632,619,QQQ251210C00632000,QQQ251210P00619000,0.17,1.03,120.0,0.08,1.6,48.0,52,0.0,29.46,-12.51,4.61,37.36,89,14:30-16:00,623.78,621.57,2.69,1
2025-12-11,Thursday,0.1,629,616,QQQ251211C00629000,QQQ251211P00616000,0.33,0.55,88.0,0.07,0.41,-40.0,63,0.0,-36.04,8.87,-24.33,-20.58,91,14:30-16:00,622.59,621.27,5.28,1
2025-12-12,Friday,0.1,629,617,QQQ251212C00629000,QQQ251212P00617000,0.1,0.54,64.0,0.04,3.32,272.0,58,0.0,92.69,-16.51,46.44,62.76,88,14:30-16:00,621.84,614.88,9.17,1
2025-12-15,Monday,0.1,623,610,QQQ251215C00623000,QQQ251215P00610000,0.17,0.24,41.0,0.03,0.95,57.0,65,0.0,36.79,-1.43,25.95,12.27,84,14:30-15:58,617.7,611.73,7.81,1
2025-12-16,Tuesday,0.1,614,602,QQQ251216C00614000,QQQ251216P00602000,0.52,0.42,94.0,0.34,0.1,-50.0,68,0.0,32.36,23.7,20.88,-12.22,91,14:30-16:00,609.65,610.54,5.08,1
2025-12-17,Wednesday,0.1,620,607,QQQ251217C00620000,QQQ251217P00607000,0.1,0.49,59.0,0.02,3.45,288.0,64,0.0,47.38,-1.35,-2.23,50.96,87,14:30-16:00,612.98,604.66,8.73,1
2025-12-18,Thursday,0.1,611,598,QQQ251218C00611000,QQQ251218P00598000,1.72,0.1,182.0,1.92,0.07,17.0,63,0.0,-12.81,21.75,-13.71,-20.85,88,14:30-15:59,610.42,611.81,5.23,1
2025-12-19,Friday,0.1,619,607,QQQ251219C00619000,QQQ251219P00607000,0.22,0.61,83.0,0.1,0.2,-53.0,54,0.0,-5.76,-17.7,6.79,5.15,91,14:30-16:00,612.7,614.56,4.43,1
2025-12-22,Monday,0.1,626,613,QQQ251222C00626000,QQQ251222P00613000,0.07,0.16,23.0,0.02,0.08,-13.0,26,0.0,-10.89,-0.92,-5.36,-4.61,71,14:30-16:00,620.88,618.94,3.48,1
2025-12-23,Tuesday,0.1,627,614,QQQ251223C00627000,QQQ251223P00614000,0.01,0.2,21.0,0.01,0.05,-15.0,18,0.0,-12.87,-6.8,-3.57,-2.5,55,14:30-15:59,620.0,620.23,2.57,1
2025-12-26,Friday,0.1,630,618,QQQ251226C00630000,QQQ251226P00618000,0.03,0.09,12.0,0.01,0.04,-7.0,17,0.0,-1.55,0.31,0.91,-2.77,70,14:30-15:55,624.1,624.64,2.2,1
2025-12-29,Monday,0.1,628,615,QQQ251229C00628000,QQQ251229P00615000,0.02,0.37,39.0,0.02,0.08,-29.0,29,0.0,-9.28,0.24,-5.91,-3.61,63,14:30-15:58,619.74,620.24,3.16,1
2025-12-30,Tuesday,0.1,628,615,QQQ251230C00628000,QQQ251230P00615000,0.02,0.27,29.0,0.01,0.06,-22.0,19,0.0,-15.97,-11.63,-4.14,-0.2,73,14:30-15:59,620.43,621.02,1.97,1
2025-12-31,Wednesday,0.1,623,611,QQQ251231C00623000,QQQ251231P00611000,0.2,0.07,27.0,0.03,0.09,-15.0,27,0.0,0.65,-0.26,0.59,0.32,74,14:30-15:59,619.67,616.74,3.14,1
2026-01-02,Friday,0.1,627,615,QQQ260102C00627000,QQQ260102P00615000,0.04,0.19,23.0,0.01,3.49,327.0,54,0.0,82.86,13.8,39.75,29.31,83,14:30-16:00,620.89,612.31,10.28,1
2026-01-05,Monday,0.1,622,610,QQQ260105C00622000,QQQ260105P00610000,0.57,0.13,70.0,0.18,0.07,-45.0,59,0.0,-9.14,4.92,-10.12,-3.94,86,14:30-15:57,619.59,619.7,3.26,1
2026-01-06,Tuesday,0.1,624,611,QQQ260106C00624000,QQQ260106P00611000,0.15,0.08,23.0,0.06,0.05,-12.0,48,0.0,2.55,0.39,-3.17,5.33,80,14:30-16:00,620.01,620.25,3.72,1
2026-01-07,Wednesday,0.1,628,616,QQQ260107C00628000,QQQ260107P00616000,0.07,0.22,29.0,0.25,0.04,-0.0,50,0.0,15.35,4.06,-1.37,12.66,84,14:30-16:00,622.71,626.08,3.37,1
2026-01-08,Thursday,0.1,629,616,QQQ260108C00629000,QQQ260108P00616000,0.04,0.28,32.0,0.01,0.23,-8.0,51,0.0,-19.17,1.44,-7.51,-13.1,75,14:30-15:59,622.35,620.54,4.19,1
2026-01-09,Friday,0.1,628,615,QQQ260109C00628000,QQQ260109P00615000,0.13,0.74,87.0,0.08,0.07,-72.0,53,0.0,-4.75,26.52,-38.55,7.28,91,14:30-16:00,620.64,624.03,5.49,1
2026-01-12,Monday,0.1,627,614,QQQ260112C00627000,QQQ260112P00614000,0.42,0.13,55.0,0.56,0.04,5.0,49,0.0,-30.36,-20.64,-1.28,-8.44,64,14:30-16:00,623.42,626.17,3.3,1
2026-01-13,Tuesday,0.1,633,620,QQQ260113C00633000,QQQ260113P00620000,0.11,0.13,24.0,0.02,0.11,-11.0,51,0.0,7.19,3.28,10.05,-6.14,86,14:30-16:00,627.8,626.0,5.44,1
2026-01-14,Wednesday,0.1,632,619,QQQ260114C00632000,QQQ260114P00619000,0.04,1.01,105.0,0.02,3.47,244.0,57,0.0,30.49,32.83,-29.37,27.03,76,14:30-15:58,622.06,616.18,7.31,1
2026-01-15,Thursday,0.1,630,618,QQQ260115C00630000,QQQ260115P00618000,0.21,0.18,39.0,0.07,0.11,-21.0,46,0.0,17.62,4.48,-1.47,14.61,90,14:30-16:00,626.12,625.87,2.73,1
2026-01-16,Friday,0.1,631,618,QQQ260116C00631000,QQQ260116P00618000,0.09,0.15,24.0,0.03,0.39,18.0,42,0.0,-12.88,-0.2,-5.32,-7.36,78,14:30-16:00,625.88,621.08,6.96,1
2026-01-20,Tuesday,0.1,614,602,QQQ260120C00614000,QQQ260120P00602000,1.72,0.42,214.0,1.5,0.04,-60.0,62,0.0,-57.98,-0.94,-43.72,-13.32,87,14:30-16:00,611.73,613.79,3.63,1
2026-01-21,Wednesday,0.1,616,603,QQQ260121C00616000,QQQ260121P00603000,0.34,0.54,88.0,1.3,0.07,49.0,61,0.0,-23.39,-16.01,-10.1,2.72,88,14:30-16:00,609.93,616.02,8.44,1
2026-01-22,Thursday,0.1,628,615,QQQ260122C00628000,QQQ260122P00615000,0.08,0.33,41.0,0.02,0.27,-12.0,46,0.0,0.68,14.08,-4.21,-9.19,83,14:30-16:00,621.23,619.99,3.5,1
2026-01-23,Friday,0.1,626,613,QQQ260123C00626000,QQQ260123P00613000,0.14,0.29,43.0,0.66,0.07,30.0,50,0.0,-11.23,-0.74,-4.44,-6.05,88,14:30-16:00,620.01,625.12,6.3,1
2026-01-26,Monday,0.1,628,615,QQQ260126C00628000,QQQ260126P00615000,0.1,0.27,37.0,0.28,0.06,-3.0,51,0.0,-8.55,-1.97,-5.22,-1.36,86,14:30-15:59,622.41,626.34,4.19,1
2026-01-27,Tuesday,0.1,635,623,QQQ260127C00635000,QQQ260127P00623000,0.03,0.28,31.0,0.06,0.08,-17.0,26,0.0,-0.91,-1.49,-0.8,1.38,89,14:30-16:00,628.87,631.36,4.2,1
2026-01-28,Wednesday,0.1,642,629,QQQ260128C00642000,QQQ260128P00629000,0.25,0.8,105.0,0.13,0.93,1.0,47,0.0,-5.33,-2.54,-6.09,3.3,90,14:30-16:00,635.42,633.6,3.07,1
2026-01-29,Thursday,0.1,642,629,QQQ260129C00642000,QQQ260129P00629000,0.06,1.03,109.0,0.01,9.27,819.0,52,0.0,49.56,29.83,5.46,14.27,66,14:30-15:57,632.82,619.93,14.32,1
2026-01-30,Friday,0.1,629,616,QQQ260130C00629000,QQQ260130P00616000,1.6,0.29,189.0,0.54,0.16,-119.0,73,0.0,-4.18,-11.17,11.21,-4.22,90,14:30-16:00,627.21,625.81,3.61,1
2026-02-02,Monday,0.1,623,610,QQQ260202C00623000,QQQ260202P00610000,1.32,0.3,162.0,3.16,0.04,158.0,61,0.0,-40.26,-17.99,-5.8,-16.47,88,14:30-16:00,620.66,625.52,6.79,1
2026-02-03,Tuesday,0.1,636,623,QQQ260203C00636000,QQQ260203P00623000,0.04,0.39,43.0,0.01,3.3,288.0,67,0.0,43.84,27.54,35.73,-19.43,77,14:30-16:00,628.54,620.26,11.26,1
2026-02-04,Wednesday,0.1,621,609,QQQ260204C00621000,QQQ260204P00609000,0.47,1.72,219.0,0.11,2.71,63.0,75,0.0,36.44,26.28,8.47,1.69,91,14:30-16:00,613.22,608.96,5.85,1
2026-02-05,Thursday,0.1,614,602,QQQ260205C00614000,QQQ260205P00602000,0.26,6.1,636.0,0.07,7.11,82.0,59,0.0,-35.12,-19.8,-27.58,12.26,87,14:30-15:58,598.83,596.23,9.01,1
2026-02-06,Friday,0.1,606,594,QQQ260206C00606000,QQQ260206P00594000,1.0,1.61,261.0,0.98,0.32,-131.0,67,0.0,-29.31,-39.29,31.14,-21.16,91,14:30-16:00,599.68,603.32,5.78,1
2026-02-09,Monday,0.1,616,604,QQQ260209C00616000,QQQ260209P00604000,0.13,2.0,213.0,0.42,0.09,-162.0,64,0.0,-52.87,-38.16,-14.43,-0.28,90,14:30-16:00,605.89,613.95,8.13,1
2026-02-10,Tuesday,0.1,622,609,QQQ260210C00622000,QQQ260210P00609000,0.1,0.49,59.0,0.01,0.18,-40.0,37,0.0,2.13,-6.35,7.37,1.11,90,14:30-16:00,615.35,615.53,4.4,1
2026-02-11,Wednesday,0.1,619,606,QQQ260211C00619000,QQQ260211P00606000,1.1,0.14,124.0,0.06,0.32,-86.0,60,0.0,21.68,9.22,22.81,-10.35,91,14:30-16:00,617.39,612.04,9.38,1
2026-02-12,Thursday,0.1,621,609,QQQ260212C00621000,QQQ260212P00609000,0.11,0.53,64.0,0.01,3.35,272.0,58,0.0,25.51,-1.12,-3.44,30.07,83,14:30-16:00,614.69,606.68,8.72,1
2026-02-13,Friday,0.1,608,596,QQQ260213C00608000,QQQ260213P00596000,0.59,1.71,230.0,0.47,0.63,-120.0,69,0.0,120.03,90.21,5.79,24.03,91,14:30-16:00,600.4,602.33,7.85,1
2026-02-17,Tuesday,0.1,605,593,QQQ260217C00605000,QQQ260217P00593000,0.48,1.56,204.0,0.12,0.8,-112.0,68,0.0,-5.33,16.12,-7.38,-14.07,91,14:30-16:00,597.57,597.26,8.28,1
2026-02-18,Wednesday,0.1,611,599,QQQ260218C00611000,QQQ260218P00599000,0.12,2.06,218.0,0.41,0.11,-166.0,65,0.0,-66.39,-37.27,-1.85,-27.27,91,14:30-16:00,601.3,608.84,7.94,1
2026-02-19,Thursday,0.1,612,599,QQQ260219C00612000,QQQ260219P00599000,0.14,1.23,137.0,0.05,0.38,-94.0,62,0.0,-9.13,-4.02,9.27,-14.38,89,14:30-15:59,603.39,604.96,3.96,1
2026-02-20,Friday,0.1,613,600,QQQ260220C00613000,QQQ260220P00600000,0.04,2.89,293.0,0.36,0.2,-237.0,68,0.0,73.28,-30.42,114.09,-10.39,91,14:30-16:00,600.43,609.52,9.43,1
2026-02-23,Monday,0.1,613,601,QQQ260223C00613000,QQQ260223P00601000,0.33,0.64,97.0,0.02,1.83,88.0,71,0.0,-15.39,-10.31,2.23,-7.31,89,14:30-16:00,607.37,601.04,6.67,1
2026-02-24,Tuesday,0.1,609,597,QQQ260224C00609000,QQQ260224P00597000,0.35,1.06,141.0,0.42,0.11,-88.0,66,0.0,-39.92,-16.17,-30.01,6.26,90,14:30-16:00,602.58,606.73,7.37,1
2026-02-25,Wednesday,0.1,615,603,QQQ260225C00615000,QQQ260225P00603000,1.12,0.34,146.0,1.58,0.12,24.0,46,0.0,-26.78,8.16,-31.0,-3.94,89,14:30-16:00,612.33,614.64,3.23,1
2026-02-26,Thursday,0.1,623,610,QQQ260226C00623000,QQQ260226P00610000,0.15,1.28,143.0,0.01,3.12,170.0,65,0.0,-40.52,-38.64,23.98,-25.86,84,14:30-16:00,614.38,607.77,10.88,1
2026-02-27,Friday,0.1,616,603,QQQ260227C00616000,QQQ260227P00603000,0.08,2.84,292.0,0.04,0.49,-239.0,61,0.0,-74.28,-33.71,-18.68,-21.89,89,14:30-16:00,603.29,607.05,4.97,1
2026-03-02,Monday,0.1,605,593,QQQ260302C00605000,QQQ260302P00593000,0.97,1.01,198.0,1.84,0.09,-5.0,67,0.0,-50.77,-37.45,3.43,-16.75,90,14:30-16:00,599.84,605.25,6.22,1
2026-03-03,Tuesday,0.1,602,590,QQQ260303C00602000,QQQ260303P00590000,1.47,0.77,224.0,0.23,0.85,-116.0,69,0.0,-28.88,-5.76,-9.07,-14.05,91,14:30-16:00,598.13,594.07,7.01,1
2026-03-04,Wednesday,0.1,607,595,QQQ260304C00607000,QQQ260304P00595000,2.27,0.32,259.0,4.4,0.05,186.0,71,0.0,-63.33,-30.78,-10.45,-22.1,90,14:30-16:00,606.04,610.99,7.14,1
2026-03-05,Thursday,0.1,617,605,QQQ260305C00617000,QQQ260305P00605000,0.14,1.37,151.0,0.05,0.53,-93.0,69,0.0,-8.66,-33.92,15.44,9.82,89,14:30-16:00,608.62,609.59,6.41,1
2026-03-06,Friday,0.1,614,601,QQQ260306C00614000,QQQ260306P00601000,0.17,3.97,414.0,0.08,0.83,-323.0,63,0.0,-72.3,-54.16,-18.09,-0.05,90,14:30-16:00,600.26,604.89,6.43,1
2026-03-09,Monday,0.1,600,588,QQQ260309C00600000,QQQ260309P00588000,1.71,0.96,267.0,1.19,0.11,-137.0,103,0.0,-90.99,-78.76,-2.1,-10.13,151,13:30-16:00,596.14,599.1,7.99,1
2026-03-10,Tuesday,0.1,617,605,QQQ260310C00617000,QQQ260310P00605000,0.16,1.18,134.0,0.07,0.21,-106.0,83,0.0,-9.14,14.66,-18.69,-5.11,144,13:30-16:00,609.14,611.15,6.63,1
2026-03-11,Wednesday,0.1,613,600,QQQ260311C00613000,QQQ260311P00600000,1.12,0.35,147.0,0.15,0.27,-105.0,101,0.0,7.59,-2.36,-0.97,10.92,151,13:30-16:00,610.15,606.18,6.7,1
2026-03-12,Thursday,0.1,611,599,QQQ260312C00611000,QQQ260312P00599000,0.24,1.32,156.0,0.05,1.35,-16.0,102,0.0,-1.63,-23.42,13.7,8.09,129,13:30-16:00,602.86,599.92,6.05,1
2026-03-13,Friday,0.1,603,591,QQQ260313C00603000,QQQ260313P00591000,1.27,0.39,166.0,0.12,0.83,-71.0,98,0.0,-4.14,-6.27,-2.87,5.0,149,13:30-16:00,600.28,594.19,9.57,1
2026-03-16,Monday,0.1,602,590,QQQ260316C00602000,QQQ260316P00590000,1.21,0.33,154.0,0.8,0.08,-66.0,100,0.0,-21.78,-22.77,-3.41,4.4,146,13:30-16:00,599.84,600.79,3.17,1
2026-03-17,Tuesday,0.1,606,593,QQQ260317C00606000,QQQ260317P00593000,0.71,0.16,87.0,0.13,0.05,-69.0,86,0.0,-23.11,-14.01,-10.58,1.48,119,13:30-16:00,603.18,602.77,3.82,1
2026-03-18,Wednesday,0.1,614,601,QQQ260318C00614000,QQQ260318P00601000,0.02,2.4,242.0,0.02,2.09,-31.0,49,0.0,-20.13,-14.23,4.69,-10.59,69,13:30-15:57,601.39,600.69,4.26,1
2026-03-19,Thursday,0.1,599,587,QQQ260319C00599000,QQQ260319P00587000,0.17,2.45,262.0,0.05,0.4,-217.0,96,0.0,-55.89,-40.41,-7.81,-7.67,135,13:30-16:00,588.15,590.81,5.91,1
2026-03-20,Friday,0.1,598,586,QQQ260320C00598000,QQQ260320P00586000,0.19,1.26,145.0,0.04,1.05,-36.0,86,0.0,-16.48,-5.46,-21.43,10.41,115,13:30-16:00,589.61,587.07,5.38,1
2026-03-23,Monday,0.1,583,571,QQQ260323C00583000,QQQ260323P00571000,7.7,0.09,779.0,5.57,0.07,-215.0,33,0.0,52.85,-55.64,57.68,50.81,51,13:30-16:00,589.94,587.98,7.41,1
2026-03-24,Tuesday,0.1,593,581,QQQ260324C00593000,QQQ260324P00581000,0.32,1.1,142.0,0.08,0.31,-103.0,100,0.0,40.67,-6.4,52.87,-5.8,151,13:30-16:00,585.03,586.02,5.81,1
2026-03-25,Wednesday,0.1,596,584,QQQ260325C00596000,QQQ260325P00584000,0.27,0.63,90.0,0.04,0.5,-36.0,85,0.0,-0.7,-4.99,-9.12,13.41,142,13:30-16:00,589.7,587.63,5.42,1
2026-03-26,Thursday,0.1,588,576,QQQ260326C00588000,QQQ260326P00576000,0.38,0.59,97.0,0.09,0.17,-71.0,83,0.0,-21.6,1.96,-15.87,-7.69,151,13:30-16:00,581.42,581.05,4.15,1
2026-03-27,Friday,0.1,580,568,QQQ260327C00580000,QQQ260327P00568000,0.24,1.53,177.0,0.07,1.6,-10.0,111,0.0,-11.81,-20.08,-3.02,11.29,146,13:30-16:00,570.58,568.04,4.57,1
2026-03-30,Monday,0.1,571,559,QQQ260330C00571000,QQQ260330P00559000,0.69,0.43,112.0,0.08,0.32,-72.0,96,0.0,-13.24,4.33,-11.31,-6.26,149,13:30-16:00,566.8,563.76,6.32,1
2026-03-31,Tuesday,0.1,568,557,QQQ260331C00568000,QQQ260331P00557000,1.21,0.39,160.0,0.83,0.13,-64.0,114,0.0,19.93,22.49,-23.28,20.72,148,13:30-16:00,565.13,566.19,4.75,1
2026-04-01,Wednesday,0.1,586,574,QQQ260401C00586000,QQQ260401P00574000,0.56,0.43,99.0,1.71,0.05,77.0,100,0.0,-9.53,-1.18,14.9,-23.25,137,13:30-15:59,581.37,586.88,6.19,1
2026-04-02,Thursday,0.1,582,570,QQQ260402C00582000,QQQ260402P00570000,0.34,0.89,123.0,2.39,0.15,131.0,124,0.0,171.56,57.47,96.65,17.44,151,13:30-16:00,574.73,582.8,12.93,1
2026-04-06,Monday,0.1,595,583,QQQ260406C00595000,QQQ260406P00583000,0.3,0.98,128.0,0.05,0.24,-99.0,91,0.0,-32.65,-20.49,-1.76,-10.4,144,13:30-16:00,587.73,587.48,3.6,1
2026-04-07,Tuesday,0.1,596,584,QQQ260407C00596000,QQQ260407P00584000,0.14,1.81,195.0,0.1,2.57,72.0,84,0.0,3.62,-4.22,-8.97,16.81,113,13:30-16:00,585.84,582.67,7.28,1
2026-04-08,Wednesday,0.1,616,603,QQQ260408C00616000,QQQ260408P00603000,0.15,0.81,96.0,0.03,0.38,-55.0,66,0.0,-68.91,-38.6,-5.28,-25.03,108,13:30-16:00,608.28,606.1,5.86,1
2026-04-09,Thursday,0.1,611,598,QQQ260409C00611000,QQQ260409P00598000,0.21,0.22,43.0,0.51,0.06,14.0,68,0.0,9.87,-4.6,-1.67,16.14,148,13:30-16:00,605.8,608.75,5.71,1
2026-04-10,Friday,0.1,616,604,QQQ260410C00616000,QQQ260410P00604000,0.29,0.18,47.0,0.08,0.13,-26.0,76,0.0,8.56,-0.91,5.51,3.96,145,13:30-16:00,612.12,610.43,3.27,1
